Klasse,minimumSteigungWert,maximumSteigungWert,minimumSenkungWert,maximumSenkungWert,steigungA,steigungB,steigungC,senkungA,senkungB,senkungC,mittelA,mittelB,mittelC,gesamtA,gesamtB,gesamtC,fftAnfangMedian,fftAnfangMittel,fftAnfangPSD,fftMitteMedian,fftMitteMittel,fftMittePSD,fftEndeMedian,fftEndeMittel,fftEndePSD,fftGesamtMedian,fftGesamtMittel,fftGesamtPSD,mittelwert,signalstärke,varianz,standardabweichung,energie,kurtosis,schiefe,zeroCrossings,laenge,maximalwert,minimalwert,minimumSteigungWert,maximumSteigungWert,minimumSenkungWert,maximumSenkungWert,steigungA,steigungB,steigungC,senkungA,senkungB,senkungC,mittelA,mittelB,mittelC,gesamtA,gesamtB,gesamtC,fftAnfangMedian,fftAnfangMittel,fftAnfangPSD,fftMitteMedian,fftMitteMittel,fftMittePSD,fftEndeMedian,fftEndeMittel,fftEndePSD,fftGesamtMedian,fftGesamtMittel,fftGesamtPSD,mittelwert,signalstärke,varianz,standardabweichung,energie,kurtosis,schiefe,zeroCrossings,laenge,maximalwert,minimalwert
Finger3,null,null,null,null,null,null,null,null,null,null,null,null,null,null,null,null,null,null,null,null,null,null,null,null,null,null,null,null,null,null,null,null,null,null,null,null,null,null,null,65.55060876982799,449.63569003702656,97.66517118453477,558.6275678389019,84.15361132625048,105.78110423627459,-1.5747901326944884,0.0,0.0,0.0,0.0,0.0,0.0,0.0,0.0,0.0,2.0,1.7197936310597775,127966.11550327865,0.0,0.0,0.0,1.0,0.8709535522962921,5.850506664838354E7,1.0,1.7202593266460637,1.144463020065585E8,483.6789847142858,4374.915096814475,308930.5220405063,555.8151869466202,1825196.078255599,-1.5299330219359608,0.2614324683747736,1.0,14.0,1385.8429,-149.24927
Finger3,null,null,null,null,null,null,null,null,null,null,null,null,null,null,null,null,null,null,null,null,null,null,null,null,null,null,null,null,null,null,null,null,null,null,null,null,null,null,null,76.54563159923876,314.74757691222476,102.56067844288731,333.08775868008684,339.75631867534196,0.0,0.0,0.0,0.0,0.0,119.7653748604937,78.62846425897351,-7.863666224469554,0.0,0.0,0.0,0.0,0.0,0.0,0.0,0.0,0.0,1.0,0.8394804414499392,2.839594565098658E7,0.0,0.0,0.0,332.52944625000003,2647.648031034221,121007.76760393709,347.8617075849785,681888.3356657736,-1.8149412412385229,-0.08042081971826405,1.0,12.0,782.4005,-103.02429
Finger3,null,null,null,null,null,null,null,null,null,null,null,null,null,null,null,null,null,null,null,null,null,null,null,null,null,null,null,null,null,null,null,null,null,null,null,null,null,null,null,132.7909029330017,428.14514145694926,184.18265029590054,459.336299815566,140.28344315977802,86.63234800055704,-6.4620265786342515,140.28344315977802,86.63234800055704,-6.4620265786342515,140.28344315977802,86.63234800055704,-6.4620265786342515,140.28344315977802,86.63234800055704,-6.4620265786342515,1.0,1.0041396099165378,9554917.12697971,0.0,0.0,1896075.5727763597,0.0,0.0,0.0,0.0,0.0,0.0,559.6813986666668,4641.691211544248,129220.54700938278,359.47259563057486,1633273.7322090545,-0.5479251360049919,-0.3142340740936467,1.0,15.0,1132.9651,-203.63159
Finger3,null,null,null,null,null,null,null,null,null,null,null,null,null,null,null,null,null,null,null,null,null,null,null,null,null,null,null,null,null,null,null,null,null,null,null,null,null,null,null,99.91794587522651,303.71206624488605,115.92708478226955,356.848925426836,140.07428613837533,62.05489301441855,-4.852776495208715,140.07428613837533,62.05489301441855,-4.852776495208715,140.07428613837533,62.05489301441855,-4.852776495208715,0.0,0.0,0.0,0.0,0.7634734560882284,657331.6148336637,0.0,0.3568442488143746,4486824.262137599,0.0,0.0,0.0,0.0,0.0,0.0,439.67773613333327,3691.309917353494,76572.97168336317,276.7182171151064,1030252.6549938023,-1.245777939245822,0.01654718164321647,0.0,15.0,897.7112,12.387085
Finger3,null,null,null,null,null,null,null,null,null,null,null,null,null,null,null,null,null,null,null,null,null,null,null,null,null,null,null,null,null,null,null,null,null,null,null,null,null,null,null,102.08670253765852,412.90074387222313,60.24809406492716,437.66215969456664,83.7947582668703,120.57057363358149,-10.390034789903297,83.7947582668703,120.57057363358149,-10.390034789903297,83.7947582668703,120.57057363358149,-10.390034789903297,83.7947582668703,120.57057363358149,-10.390034789903297,0.0,0.8164230527533343,95844.78123107793,0.0,0.0,0.0,1.0,0.8550909347199908,5.255047956017886E7,0.0,0.0,0.0,443.5335623846153,3740.3139882894598,210468.93659908572,458.76893595696487,1313240.880879628,-1.7529327272479485,0.09182064660247448,1.0,13.0,1106.781,-117.526245
Finger3,null,null,null,null,null,null,null,null,null,null,null,null,null,null,null,null,null,null,null,null,null,null,null,null,null,null,null,null,null,null,null,null,null,null,null,null,null,null,null,197.41192307950274,515.5799899194827,143.40425482390359,557.8182486009467,520.3745222110776,-81.84858097577649,3.306439975187061,144.42376851358085,128.07996072097194,-10.761466555432051,520.3745222110776,-81.84858097577649,3.306439975187061,144.42376851358085,128.07996072097194,-10.761466555432051,2.0,2.2695856205263567,274151.3670445941,0.0,NaN,0.0,1.0,0.8423803948649803,7.813232094889899E7,0.0,0.0,0.0,545.2718863846154,4872.792667325765,334060.41539345676,577.9795977311455,2074422.2735414167,-1.6312919013685283,-0.23409862176175117,1.0,13.0,1254.1168,-347.1405
Finger3,null,null,null,null,null,null,null,null,null,null,null,null,null,null,null,null,null,null,null,null,null,null,null,null,null,null,null,null,null,null,null,null,null,null,null,null,null,null,null,61.689404786002314,283.2474257626466,116.45190691293939,289.3725093952132,114.81613845189452,55.62943679357022,-2.933224397219192,114.81613845189452,55.62943679357022,-2.933224397219192,114.81613845189452,55.62943679357022,-2.933224397219192,114.81613845189452,55.62943679357022,-2.933224397219192,0.0,0.0,0.0,0.0,0.0,0.0,0.0,0.0,0.0,0.0,0.0,0.0,-324.7460153703703,7147.816642160896,214691.426506363,463.3480619430311,2107918.7471515834,0.12247990425029753,1.191304890122941,1.0,27.0,859.54285,-646.6461
Finger3,null,null,null,null,null,null,null,null,null,null,null,null,null,null,null,null,null,null,null,null,null,null,null,null,null,null,null,null,null,null,null,null,null,null,null,null,null,null,null,54.97943324746513,267.58009781100577,85.84596353236635,285.43570104140747,271.9748539860643,-44.883493880631704,0.09815989844642559,271.9748539860643,-44.883493880631704,0.09815989844642559,271.9748539860643,-44.883493880631704,0.09815989844642559,271.9748539860643,-44.883493880631704,0.09815989844642559,3.0,4.2000555643439865,5.8097444098464414E7,0.0,0.0,908400.7155963365,1.0,0.8222780895684136,2.100406148870014E7,0.0,0.0,0.0,28.802489777777755,4604.830726343191,137966.36781852238,371.43824226716663,909030.5556255361,-1.4232504163599369,0.4388381477957895,1.0,27.0,625.49744,-392.4591
Finger3,null,null,null,null,null,null,null,null,null,null,null,null,null,null,null,null,null,null,null,null,null,null,null,null,null,null,null,null,null,null,null,null,null,null,null,null,null,null,null,45.74794020838028,210.72704498772043,46.35411467509157,224.87538852246504,210.80350380562595,-45.81162399602738,2.602566209806483,210.80350380562595,-45.81162399602738,2.602566209806483,246.3269707836415,5.874732111795311,-4.934127339972065,210.80350380562595,-45.81162399602738,2.602566209806483,1.0,1.8269345642932944,2.0752728412236553E7,0.0,0.3520020082084123,1574863.1547432058,0.0,0.0,0.0,0.0,0.0,0.0,32.18628078,3609.9919865105494,97987.3876209954,313.02937181835733,603414.8320937573,-1.3633360101100234,0.3257664718995613,3.0,25.0,588.6383,-346.23413
Finger3,null,null,null,null,null,null,null,null,null,null,null,null,null,null,null,null,null,null,null,null,null,null,null,null,null,null,null,null,null,null,null,null,null,null,null,null,null,null,null,94.9926670048317,294.4605881427408,140.52915729082855,370.88040024265325,172.66976499008888,63.338243482103735,-6.247467937593356,172.66976499008888,63.338243482103735,-6.247467937593356,172.66976499008888,63.338243482103735,-6.247467937593356,172.66976499008888,63.338243482103735,-6.247467937593356,1.0,1.4464228344505274,244210.43162280798,0.0,0.0,1465091.2303148208,0.0,0.0,0.0,0.0,0.0,0.0,354.3837315384616,3124.2357787662636,156851.32659865884,396.0446017794698,871549.6272342078,-1.2422188685693585,-0.3183936746946242,1.0,13.0,875.4547,-361.23962
Finger3,null,null,null,null,null,null,null,null,null,null,null,null,null,null,null,null,null,null,null,null,null,null,null,null,null,null,null,null,null,null,null,null,null,null,null,null,null,null,null,55.58272811672133,301.6354906937011,118.50467734704199,362.2840274562378,115.13026666694259,71.14437534004355,-4.219235928079627,115.13026666694259,71.14437534004355,-4.219235928079627,115.13026666694259,71.14437534004355,-4.219235928079627,115.13026666694259,71.14437534004355,-4.219235928079627,1.0,0.9740798539310758,2660118.3127567037,0.0,0.0,0.0,0.0,0.0,0.0,0.0,0.0,0.0,432.64879449999995,3237.581947025914,74817.36065662968,273.5276232058285,897279.3994318643,-1.7202490484428659,-0.05952373074763916,0.0,14.0,774.7467,16.314697
Finger3,null,null,null,null,null,null,null,null,null,null,null,null,null,null,null,null,null,null,null,null,null,null,null,null,null,null,null,null,null,null,null,null,null,null,null,null,null,null,null,211.84027905591927,487.21263168452157,75.28033668270162,540.4621916783769,207.7516927544675,15.895761001448932,-0.3587930143519529,196.45780520643575,19.288752832922228,-0.49254908046223633,0.0,0.0,0.0,196.45780520643575,19.288752832922228,-0.49254908046223633,2.0,3.7850782618607646,2.4345218662014303E8,0.0,NaN,0.0,1.0,0.8540569038632126,7.067243546975884E7,3.0,4.539125472722562,3.288343903387392E7,-47.59532453571425,9197.59241168479,480412.1695723808,693.1177169661592,3422911.182792452,-1.1401403508554007,0.471806450627894,2.0,28.0,1247.3694,-916.745
Finger3,null,null,null,null,null,null,null,null,null,null,null,null,null,null,null,null,null,null,null,null,null,null,null,null,null,null,null,null,null,null,null,null,null,null,null,null,null,null,null,72.08594409700709,304.11072507158394,155.4588636677325,347.62065961856234,313.5200895913205,-77.42850432133707,5.471734772557937,313.5200895913205,-77.42850432133707,5.471734772557937,313.5200895913205,-77.42850432133707,5.471734772557937,313.5200895913205,-77.42850432133707,5.471734772557937,1.0,1.9314096968878438,84414.39801237445,0.0,NaN,0.0,1.0,0.830036089990545,2.5766001480668165E7,0.0,0.0,0.0,348.2063293333333,2677.2547338141662,133095.8389082813,364.82302409288985,705683.5156282701,-1.3938827052674512,-0.3784448426398366,1.0,12.0,769.5099,-297.69287
Finger3,null,null,null,null,null,null,null,null,null,null,null,null,null,null,null,null,null,null,null,null,null,null,null,null,null,null,null,null,null,null,null,null,null,null,null,null,null,null,null,141.0463868929935,346.2935761207869,169.0564012590286,389.5678069434606,181.32194881063583,69.02170230294746,-6.391111608725581,181.32194881063583,69.02170230294746,-6.391111608725581,181.32194881063583,69.02170230294746,-6.391111608725581,181.32194881063583,69.02170230294746,-6.391111608725581,1.0,1.3078884844378882,975048.7133028824,0.0,0.0,1711906.37312256,1.0,0.845610624369678,3.5571899586469516E7,0.0,0.0,0.0,376.8958416153846,3586.6555703097583,206251.3255838581,454.1490125320742,1092215.4104010512,-1.4507176268904538,-0.480379076724807,1.0,13.0,893.38074,-362.75024
Finger3,null,null,null,null,null,null,null,null,null,null,null,null,null,null,null,null,null,null,null,null,null,null,null,null,null,null,null,null,null,null,null,null,null,null,null,null,null,null,null,36.87727284438836,293.71921027512127,83.85949217564871,334.5221580699614,95.03191548904226,80.9172042178393,-7.663485174782615,95.03191548904226,80.9172042178393,-7.663485174782615,95.03191548904226,80.9172042178393,-7.663485174782615,0.0,0.0,0.0,0.0,1.023928085514663,47754.26207930855,0.0,0.0,653646.2165592099,1.0,0.8766950267116199,2.3377463566989224E7,0.0,0.0,0.0,330.57016264615385,2565.6914676906276,103939.11759330676,322.395901948686,665498.9405137113,-1.4101350618357313,0.30102007199122244,1.0,13.0,872.8363,-117.92908
Finger3,null,null,null,null,null,null,null,null,null,null,null,null,null,null,null,null,null,null,null,null,null,null,null,null,null,null,null,null,null,null,null,null,null,null,null,null,null,null,null,61.339919807174674,255.74175327224597,105.16759055576775,297.53672443665823,183.74299048903515,-2.5829934430351322,0.010345947496688754,183.74299048903515,-2.5829934430351322,0.010345947496688754,183.74299048903515,-2.5829934430351322,0.010345947496688754,183.74299048903515,-2.5829934430351322,0.010345947496688754,29.0,37.315938353874394,2.9495885495350895E9,0.0,0.3624108782519134,3514459.2439356027,0.0,0.0,0.0,0.0,0.0,0.0,4.5712127757563055,17082.237562084138,41858.30512068825,204.5930231476339,2480965.8147726925,2.105806828163068,1.1542358054156228,19.0,238.0,742.1173,-432.33948
Finger3,null,null,null,null,null,null,null,null,null,null,null,null,null,null,null,null,null,null,null,null,null,null,null,null,null,null,null,null,null,null,null,null,null,null,null,null,null,null,null,38.493019080712465,216.79879772886832,137.92705396687796,265.3494783480837,0.0,0.0,0.0,264.4981643891963,-7.957216262817383,-7.957216262817383,0.0,0.0,0.0,264.4981643891963,-7.957216262817383,-7.957216262817383,15.0,20.9327412509797,2.2087860836662215E8,0.0,0.0,825348.501980825,1.0,0.8538119574761697,1.3521499180770192E7,0.0,0.0,0.0,26.75773567468354,7973.655699380998,60236.50094621602,245.43125503125316,1159110.556894898,-0.6103946295798357,0.3841046038964237,5.0,79.0,609.787,-361.23962
Finger3,null,null,null,null,null,null,null,null,null,null,null,null,null,null,null,null,null,null,null,null,null,null,null,null,null,null,null,null,null,null,null,null,null,null,null,null,null,null,null,37.02980915463668,311.41848148618567,123.7283485366804,384.02779074213754,174.0264296051605,12.501976641249883,-0.5127471124676184,174.0264296051605,12.501976641249883,-0.5127471124676184,315.88000567066496,-101.004472797392,8.94885588991312,174.0264296051605,12.501976641249883,-0.5127471124676184,3.0,3.946436369735834,1.058591128996967E8,0.0,0.0,1365191.9764444898,0.0,0.0,0.0,0.0,0.0,0.0,10.898044678571436,6045.1497116766195,237093.90431372914,486.92289360198413,1593156.6983317535,-1.1433734719987367,0.3055266768935506,2.0,28.0,936.6852,-642.5171
Finger3,null,null,null,null,null,null,null,null,null,null,null,null,null,null,null,null,null,null,null,null,null,null,null,null,null,null,null,null,null,null,null,null,null,null,null,null,null,null,null,38.046120468239685,295.70358152379043,96.05725714390422,334.07178320214206,104.57534356193867,79.93913335989112,-7.628183880798602,104.57534356193867,79.93913335989112,-7.628183880798602,104.57534356193867,79.93913335989112,-7.628183880798602,104.57534356193867,79.93913335989112,-7.628183880798602,0.0,0.7915598452988692,638871.8542811342,0.0,0.0,708997.0741457295,1.0,0.8511519173615605,2.431752348591757E7,0.0,0.0,0.0,373.47177153846155,2636.412346903366,81225.2601343578,285.00045637570094,692014.9421928622,-1.5425212258961112,0.3957515143482796,0.0,13.0,844.8395,36.4563
Finger3,null,null,null,null,null,null,null,null,null,null,null,null,null,null,null,null,null,null,null,null,null,null,null,null,null,null,null,null,null,null,null,null,null,null,null,null,null,null,null,98.51793071483326,288.6777383001594,142.077506276541,343.8264903889057,355.67879861254585,1.591330176680458,-7.958604187868332,355.67879861254585,1.591330176680458,-7.958604187868332,355.67879861254585,1.591330176680458,-7.958604187868332,0.0,0.0,0.0,0.0,0.0,0.0,0.0,0.3566898785295487,5320754.418696741,0.0,0.0,0.0,0.0,0.0,0.0,28.634643111111114,5688.6322797175035,203525.50784423322,451.1380141866048,1338999.1041935799,-1.5294997023176469,0.47616057381476007,1.0,27.0,777.76794,-442.6117
Finger3,null,null,null,null,null,null,null,null,null,null,null,null,null,null,null,null,null,null,null,null,null,null,null,null,null,null,null,null,null,null,null,null,null,null,null,null,null,null,null,79.11436412031412,399.544758522835,182.4768871869432,440.493278513401,169.1977439704649,90.50579979462623,-8.502649037541786,169.1977439704649,90.50579979462623,-8.502649037541786,169.1977439704649,90.50579979462623,-8.502649037541786,169.1977439704649,90.50579979462623,-8.502649037541786,1.0,0.8939482094787385,7320285.865825474,0.0,0.0,0.0,0.0,0.0,0.0,0.0,0.0,0.0,560.7034511538461,3732.301182886693,87040.51740169074,295.0262995085196,1249225.7453372665,-1.446624637707443,0.05456973985066974,0.0,13.0,978.6804,59.417725
Finger3,null,null,null,null,null,null,null,null,null,null,null,null,null,null,null,null,null,null,null,null,null,null,null,null,null,null,null,null,null,null,null,null,null,null,null,null,null,null,null,58.43191569980081,343.2976687097743,131.8057529180072,380.71271412604756,154.93828607259434,82.97447922572019,-8.834185053288152,154.93828607259434,82.97447922572019,-8.834185053288152,154.93828607259434,82.97447922572019,-8.834185053288152,154.93828607259434,82.97447922572019,-8.834185053288152,1.0,1.0348055548920603,482315.1596550421,0.0,NaN,0.0,0.0,0.0,0.0,0.0,0.0,0.0,339.31884775,2865.4774263542467,182316.39611252115,426.98524109449164,829823.8877563861,-1.6630781567746677,-0.0961322107617123,1.0,12.0,907.782,-287.8235
Finger3,null,null,null,null,null,null,null,null,null,null,null,null,null,null,null,null,null,null,null,null,null,null,null,null,null,null,null,null,null,null,null,null,null,null,null,null,null,null,null,51.1086195523808,219.0026751672965,42.353237733268585,255.6280845390651,270.5420897695403,-0.45555586622049304,-5.741708199758477,177.06297086258542,-1.8655697164332707,-0.00172011312820608,177.06297086258542,-1.8655697164332707,-0.00172011312820608,177.06297086258542,-1.8655697164332707,-0.00172011312820608,1.0,0.9626161372757368,238048.0062728672,0.0,0.3515155941459581,2817913.4338538186,4.0,5.1927302006323615,1.0142016349129356E7,0.0,0.0,0.0,71.66381838,5063.650252523779,93890.59940160089,306.4157296902378,854354.9807708631,-1.304207854151723,0.03087064520139816,1.0,35.0,585.7178,-401.92566
Finger3,null,null,null,null,null,null,null,null,null,null,null,null,null,null,null,null,null,null,null,null,null,null,null,null,null,null,null,null,null,null,null,null,null,null,null,null,null,null,null,99.19032145445324,306.2583085881159,86.01618368335339,329.6271478676887,87.48479523548792,-1.9025082931613007,0.011644751238891873,87.48479523548792,-1.9025082931613007,0.011644751238891873,87.48479523548792,-1.9025082931613007,0.011644751238891873,0.0,0.0,0.0,28.0,35.02219964658245,3.7834734406275207E8,0.0,NaN,0.0,0.0,0.0,0.0,0.0,0.0,0.0,5.798123055279189,9955.256886257906,22771.713337209607,150.902993135357,1150320.4034304703,8.742290413411762,2.3366578109873055,21.0,197.0,823.28796,-234.14612
Finger3,null,null,null,null,null,null,null,null,null,null,null,null,null,null,null,null,null,null,null,null,null,null,null,null,null,null,null,null,null,null,null,null,null,null,null,null,null,null,null,45.47903259179768,205.0020834148697,94.76279527119702,259.6977410784015,0.0,0.0,0.0,0.0,0.0,0.0,0.0,0.0,0.0,0.0,0.0,0.0,0.0,0.0,0.0,0.0,0.0,0.0,0.0,0.0,0.0,0.0,0.0,0.0,0.0,0.0,0.0,0.0,0.0,0.0,0.0,0.0,0.0,0.0,0.0
Finger3,null,null,null,null,null,null,null,null,null,null,null,null,null,null,null,null,null,null,null,null,null,null,null,null,null,null,null,null,null,null,null,null,null,null,null,null,null,null,null,22.2802781333291,225.54381180237783,98.53653367282865,282.99862288348015,206.25652042344677,6.971801955778517,-0.38163724927616016,0.0,0.0,0.0,206.25652042344677,6.971801955778517,-0.38163724927616016,206.25652042344677,6.971801955778517,-0.38163724927616016,0.0,0.0,0.0,0.0,0.0,0.0,0.0,0.0,0.0,0.0,0.0,0.0,-32.21984897333338,5955.522797972137,199708.6251543825,446.887709782203,1453624.5704941202,-1.3047200513550525,-0.0949845365490379,3.0,30.0,649.36523,-741.9159
Finger3,null,null,null,null,null,null,null,null,null,null,null,null,null,null,null,null,null,null,null,null,null,null,null,null,null,null,null,null,null,null,null,null,null,null,null,null,null,null,null,20.873250080811804,264.70615461593866,52.651134975590466,323.96433800405225,-13.23173406031674,35.810070594991714,-1.4943923909667092,-13.23173406031674,35.810070594991714,-1.4943923909667092,-13.23173406031674,35.810070594991714,-1.4943923909667092,-13.23173406031674,35.810070594991714,-1.4943923909667092,1.0,1.6362393746794586,3121734.2030216083,0.0,0.0,604922.9684918436,0.0,0.0,0.0,0.0,0.0,0.0,124.84130914090908,3033.0949514930307,107380.35352408056,327.6894162527691,649101.190509546,-0.5251475002621335,0.8961869611236328,2.0,22.0,822.88513,-236.56311
Finger3,null,null,null,null,null,null,null,null,null,null,null,null,null,null,null,null,null,null,null,null,null,null,null,null,null,null,null,null,null,null,null,null,null,null,null,null,null,null,null,51.503020435640515,406.09408717162046,167.76036167069194,437.6461033646951,464.0279275090926,-5.765583038330078,-5.765586853027344,297.2135874589585,-12.926578943891968,0.2338701456744645,297.2135874589585,-12.926578943891968,0.2338701456744645,297.2135874589585,-12.926578943891968,0.2338701456744645,7.0,8.543658778845908,1.661615929958601E8,0.0,0.0,1290236.1417227844,1.0,0.8495182944622078,4.668785999576782E7,0.0,0.0,0.0,121.46667544909094,9769.241291400998,175884.87763588387,419.38631073973295,2543942.0349305533,-0.6702828375296384,0.45105022688556673,6.0,55.0,1096.3074,-495.5841
Finger3,null,null,null,null,null,null,null,null,null,null,null,null,null,null,null,null,null,null,null,null,null,null,null,null,null,null,null,null,null,null,null,null,null,null,null,null,null,null,null,20.645681972642276,344.2534536120258,136.38389572271598,407.1909015508063,418.0695252375359,-9.047256469726562,-9.047256469726562,418.0695252375359,-9.047256469726562,-9.047256469726562,0.0,0.0,0.0,0.0,0.0,0.0,1.0,0.8983788359252195,210553.98628223382,0.0,0.0,1275862.870681,1.0,0.8591098152500732,3.3194483920948986E7,0.0,0.0,0.0,419.2396876923077,3143.2201733982174,148884.2407844266,385.8552070199735,999143.9211208416,-1.4014180251627808,0.05585101841692609,1.0,13.0,1005.67017,-197.28699
Finger3,null,null,null,null,null,null,null,null,null,null,null,null,null,null,null,null,null,null,null,null,null,null,null,null,null,null,null,null,null,null,null,null,null,null,null,null,null,null,null,49.14256151928985,330.2826396029174,68.51235010678121,374.07708156325504,73.79648124681034,82.9437004427715,-5.400900914715898,73.79648124681034,82.9437004427715,-5.400900914715898,73.79648124681034,82.9437004427715,-5.400900914715898,73.79648124681034,82.9437004427715,-5.400900914715898,1.0,0.9997884273809924,613441.6005933728,0.0,0.0,0.0,1.0,0.8197002419065762,3.0800297645175897E7,0.0,0.0,0.0,477.4507381529412,4455.135673735714,106043.9900342844,325.6439620725132,1401467.0670202957,-1.6992846186769495,-0.3578874643462277,0.0,17.0,839.1998,7.2509766
Finger3,null,null,null,null,null,null,null,null,null,null,null,null,null,null,null,null,null,null,null,null,null,null,null,null,null,null,null,null,null,null,null,null,null,null,null,null,null,null,null,136.14973483337917,305.05548587605927,146.00005135456783,333.611262078908,344.72395181555027,-6.215061187744141,-6.215061187744141,304.3448769311517,-29.1511213807853,-0.888553959821877,304.3448769311517,-29.1511213807853,-0.888553959821877,304.3448769311517,-29.1511213807853,-0.888553959821877,1.0,1.7237972120630494,1.997700258817287E7,0.0,0.0,1304689.9211704573,0.0,0.0,0.0,0.0,0.0,0.0,110.83181263157891,4348.449525081905,216374.0926103884,465.16028700910016,1078075.3541537325,-1.810581559161743,0.18817637207581556,1.0,19.0,768.90564,-462.04834
Finger3,null,null,null,null,null,null,null,null,null,null,null,null,null,null,null,null,null,null,null,null,null,null,null,null,null,null,null,null,null,null,null,null,null,null,null,null,null,null,null,53.92017143470739,223.61527332923777,128.10653166108304,263.3504928885792,131.5120521487279,46.701816667099024,-3.973293826567698,131.5120521487279,46.701816667099024,-3.973293826567698,131.5120521487279,46.701816667099024,-3.973293826567698,131.5120521487279,46.701816667099024,-3.973293826567698,0.0,0.851910745291659,1641725.007892238,0.0,0.3341407291710951,5889647.235763656,1.0,0.852014242268581,1.5283079666396162E7,0.0,0.0,0.0,-373.5797093333333,2843.478299625237,34454.419251679465,185.6190164064002,632908.2744580636,-1.6883430588872324,0.04013878756874767,0.0,15.0,-116.31775,-625.59814
Finger3,null,null,null,null,null,null,null,null,null,null,null,null,null,null,null,null,null,null,null,null,null,null,null,null,null,null,null,null,null,null,null,null,null,null,null,null,null,null,null,126.11256508439526,318.89971926365064,97.29798004564319,335.8410302209917,110.62545361637058,74.12272523533647,-5.780136282857825,110.62545361637058,74.12272523533647,-5.780136282857825,110.62545361637058,74.12272523533647,-5.780136282857825,110.62545361637058,74.12272523533647,-5.780136282857825,0.0,0.0,0.0,0.0,0.3536219238773943,4710729.180223011,1.0,0.837657977558301,3.2095667546034478E7,0.0,0.0,0.0,409.2701532142857,3559.9927324904875,111887.8922591285,334.4964757050939,1006598.3279757993,-1.5478468384119952,-0.43740994189306664,1.0,14.0,780.8899,-158.91724
Finger3,null,null,null,null,null,null,null,null,null,null,null,null,null,null,null,null,null,null,null,null,null,null,null,null,null,null,null,null,null,null,null,null,null,null,null,null,null,null,null,44.28733555846238,344.5151806578465,144.90077749150518,356.1344223607653,109.24036526337272,75.14108163500578,-5.855121433053014,109.24036526337272,75.14108163500578,-5.855121433053014,109.24036526337272,75.14108163500578,-5.855121433053014,109.24036526337272,75.14108163500578,-5.855121433053014,0.0,0.0,0.0,0.0,0.0,1234121.0280999998,0.0,0.0,0.0,1.0,1.8878780231325423,1.2770190390419698E8,440.24169356,3585.470797169813,89364.66854716085,298.93923888837486,1024029.399754997,-1.05000890194317,-0.2790729614654687,1.0,15.0,902.0416,-123.46802
Finger3,112.81163082165723,269.8984137063411,105.82491430382143,281.457084820314,93.78724081732298,57.04543478191772,-4.213257103132364,93.78724081732298,57.04543478191772,-4.213257103132364,93.78724081732298,57.04543478191772,-4.213257103132364,93.78724081732298,57.04543478191772,-4.213257103132364,1.0,0.9865020281826556,609847.9339860382,0.0,0.3603074075366264,3404623.3738641078,1.0,0.8299924067834699,2.189888734353225E7,0.0,0.0,0.0,351.4575191353333,3120.1233056197443,72779.0234300591,269.77587629374705,729485.3127791772,-1.1492075020084533,-0.5679121154735314,1.0,15.0,646.94824,-157.00378,null,null,null,null,null,null,null,null,null,null,null,null,null,null,null,null,null,null,null,null,null,null,null,null,null,null,null,null,null,null,null,null,null,null,null,null,null,null,null
Finger3,17.513365780005838,175.99985045448952,101.87929807441724,217.69412596367874,233.929207305889,6.875665901828597,-9.122243277702182,233.929207305889,6.875665901828597,-9.122243277702182,233.929207305889,6.875665901828597,-9.122243277702182,233.929207305889,6.875665901828597,-9.122243277702182,1.0,1.7556104743311842,1.1456194090333352E7,0.0,0.3538147494756154,1710364.844292102,0.0,0.0,0.0,3.0,5.226800913239506,1.5847375089226509E7,-46.45266282608695,3004.2731273175623,85672.92190164258,292.69937120131056,474973.2020048728,-1.4042594978793688,-0.2543968906672405,2.0,23.0,335.8612,-532.1411,55.17519074163478,288.0986954315178,130.9326285240561,336.19285124625327,357.8995527690885,8.733287894495334,-10.853005294912691,139.13137550564693,68.00184503795606,-6.0881515850932075,139.13137550564693,68.00184503795606,-6.0881515850932075,139.13137550564693,68.00184503795606,-6.0881515850932075,0.0,0.0,0.0,0.0,0.0,0.0,0.0,0.0,0.0,0.0,0.0,0.0,393.7683107142858,3149.811008733031,99407.91795779475,315.29021227718874,856045.058584127,-1.2817596484697709,-0.3375282839859165,1.0,14.0,798.7152,-172.3114
Finger3,null,null,null,null,null,null,null,null,null,null,null,null,null,null,null,null,null,null,null,null,null,null,null,null,null,null,null,null,null,null,null,null,null,null,null,null,null,null,null,47.73149436505739,228.93711197696487,76.37610523802817,245.68788155126995,95.25276047458124,14.770294483741623,-0.6061298900222489,95.25276047458124,14.770294483741623,-0.6061298900222489,95.25276047458124,14.770294483741623,-0.6061298900222489,95.25276047458124,14.770294483741623,-0.6061298900222489,3.0,4.185997789402918,6.019611086974251E7,0.0,0.0,350776.40879043995,1.0,0.8534858840659981,1.514842023001528E7,0.0,0.0,0.0,-8.15331946800001,3842.370896830477,111563.24697852494,334.0108485940613,675072.152187893,-1.1718549825928735,0.5067983056506289,1.0,25.0,630.73425,-385.81238
Finger3,null,null,null,null,null,null,null,null,null,null,null,null,null,null,null,null,null,null,null,null,null,null,null,null,null,null,null,null,null,null,null,null,null,null,null,null,null,null,null,55.164028559683295,211.96997103606236,117.28586126526788,257.22825533975094,131.41392147135684,42.49385050789465,-4.331574650721834,131.41392147135684,42.49385050789465,-4.331574650721834,131.41392147135684,42.49385050789465,-4.331574650721834,131.41392147135684,42.49385050789465,-4.331574650721834,1.0,1.216131540941363,409532.91348222666,0.0,0.0,921694.908043325,0.0,0.0,0.0,0.0,0.0,0.0,239.37518384615385,2207.377797088378,85350.57002421324,292.14819873518513,433582.9127882068,-1.6411716647804029,-0.3736113220449526,1.0,13.0,545.9381,-196.78345
Finger3,null,null,null,null,null,null,null,null,null,null,null,null,null,null,null,null,null,null,null,null,null,null,null,null,null,null,null,null,null,null,null,null,null,null,null,null,null,null,null,23.466651298391454,199.5495716667856,68.29530021883299,223.98014050852245,109.60609853374501,-2.8216040727714997,0.02536799656333183,109.60609853374501,-2.8216040727714997,0.02536799656333183,109.60609853374501,-2.8216040727714997,0.02536799656333183,109.60609853374501,-2.8216040727714997,0.02536799656333183,14.0,18.372492543102194,2.2156344341567189E8,0.0,0.0,0.0,0.0,0.0,0.0,13.0,18.10672609186633,2.780554833996119E8,-4.145013482063494,8304.575078937565,26877.71936826144,163.94425689319354,839845.8665663435,1.2341640704915262,0.6804733914539245,12.0,126.0,571.82007,-324.3805
Finger3,null,null,null,null,null,null,null,null,null,null,null,null,null,null,null,null,null,null,null,null,null,null,null,null,null,null,null,null,null,null,null,null,null,null,null,null,null,null,null,35.12441441826292,196.264109410778,83.2640232880949,216.42700891134962,124.34920588548891,-8.536929937254797,0.3214006095362505,124.34920588548891,-8.536929937254797,0.3214006095362505,124.34920588548891,-8.536929937254797,0.3214006095362505,150.39176442387827,-1.1797476040208323,-0.019556739893703767,3.0,3.7897124083931066,5.381452858358003E7,0.0,0.0,170655.12136806248,3.0,4.0896248629698535,6.46011538635871E7,0.0,0.0,0.0,3.8017274772727414,4964.676800506979,62864.17747996393,250.727297037965,677017.3954450573,-0.7718215386214271,0.38500199231339516,3.0,44.0,563.3606,-372.82104
Finger3,41.750617119674416,244.64598397669636,129.65013293548392,279.6502982969386,136.35781161211116,52.22309102269054,-5.331969604545641,136.35781161211116,52.22309102269054,-5.331969604545641,136.35781161211116,52.22309102269054,-5.331969604545641,136.35781161211116,52.22309102269054,-5.331969604545641,0.0,0.7777175497273021,328036.62105248455,0.0,0.0,850421.9281368977,0.0,0.0,0.0,0.0,0.0,0.0,-325.1706623076923,2380.2724091362206,64509.01716675135,253.98625389329902,524059.8108507394,-1.1994087745265054,0.4186290719821627,1.0,13.0,156.90308,-640.1001,null,null,null,null,null,null,null,null,null,null,null,null,null,null,null,null,null,null,null,null,null,null,null,null,null,null,null,null,null,null,null,null,null,null,null,null,null,null,null
Finger3,112.81970443332065,282.62921433415147,89.78636203474998,295.0835049566293,110.73102701145467,9.210638671193522,-0.2578481730868081,110.73102701145467,9.210638671193522,-0.2578481730868081,110.73102701145467,9.210638671193522,-0.2578481730868081,110.73102701145467,9.210638671193522,-0.2578481730868081,3.0,3.975432028498669,5.17766232463004E7,0.0,0.0,748715.0335079042,1.0,0.8338745968959859,2.2998610290345795E7,0.0,0.0,0.0,-38.07150088461536,4447.8531152384185,139592.58837874388,373.6209153389889,897256.8067785063,-1.2583242485756285,-0.49041975324453707,1.0,26.0,412.3993,-705.661,null,null,null,null,null,null,null,null,null,null,null,null,null,null,null,null,null,null,null,null,null,null,null,null,null,null,null,null,null,null,null,null,null,null,null,null,null,null,null
Finger3,null,null,null,null,null,null,null,null,null,null,null,null,null,null,null,null,null,null,null,null,null,null,null,null,null,null,null,null,null,null,null,null,null,null,null,null,null,null,null,81.95921626443834,324.4575506586091,127.42076461183188,390.62229006064666,237.93356810510204,-6.43795841493251,0.04467608575645404,237.93356810510204,-6.43795841493251,0.04467608575645404,237.93356810510204,-6.43795841493251,0.04467608575645404,237.93356810510204,-6.43795841493251,0.04467608575645404,0.0,0.0,0.0,0.0,0.0,2167521.24030016,1.0,0.8351504937086655,3.1580487569849227E7,0.0,0.0,0.0,14.994678828859072,13234.425800509282,71240.34895424839,266.90887762352224,2651419.679271829,2.6984460926245655,1.6269877962583235,10.0,149.0,887.5397,-372.4182
Finger3,null,null,null,null,null,null,null,null,null,null,null,null,null,null,null,null,null,null,null,null,null,null,null,null,null,null,null,null,null,null,null,null,null,null,null,null,null,null,null,58.69006909178501,229.07301923974148,113.30361648698549,268.0306218196095,126.91808374802645,10.164703718257613,-0.3333056274505459,126.91808374802645,10.164703718257613,-0.3333056274505459,126.91808374802645,10.164703718257613,-0.3333056274505459,126.91808374802645,10.164703718257613,-0.3333056274505459,2.0,3.6915974928102577,7.750293936556543E7,0.0,0.7898222349379843,1.3214189450139388E7,1.0,0.8508357785596312,1.5613404782967517E7,0.0,0.0,0.0,25.982666000000027,5377.758988312692,151935.2330730691,389.788703111146,1103799.0353946257,-1.5245654281248973,0.3474336061203677,1.0,30.0,628.5187,-472.01843
Finger3,null,null,null,null,null,null,null,null,null,null,null,null,null,null,null,null,null,null,null,null,null,null,null,null,null,null,null,null,null,null,null,null,null,null,null,null,null,null,null,62.61187836088381,246.87481646225072,101.26916217028906,261.9866957312659,0.0,0.0,0.0,279.2214090065339,14.932889225616236,-8.415390481978193,279.2214090065339,14.932889225616236,-8.415390481978193,279.2214090065339,14.932889225616236,-8.415390481978193,1.0,0.8976547466377166,1750473.2170868898,0.0,0.0,0.0,0.0,0.0,0.0,1.0,1.8622020416530058,7.771626439327495E7,-350.4370086,2795.7527273864284,42186.572050524956,205.39370012375002,606167.7703332131,-1.4280660351847563,0.2660634432485052,1.0,15.0,20.443726,-603.7445
Finger3,null,null,null,null,null,null,null,null,null,null,null,null,null,null,null,null,null,null,null,null,null,null,null,null,null,null,null,null,null,null,null,null,null,null,null,null,null,null,null,114.11971837745055,311.42452636860895,140.94590544102232,360.24640483798896,210.6208269413578,-6.412230363116947,0.16016663208411863,210.6208269413578,-6.412230363116947,0.16016663208411863,210.6208269413578,-6.412230363116947,0.16016663208411863,210.6208269413578,-6.412230363116947,0.16016663208411863,7.0,10.322089026535782,4.206164201512194E8,0.0,0.36117962744415993,4596350.7503039725,0.0,0.0,0.0,0.0,0.0,0.0,128.42788637692308,9741.411633825352,180737.9849757447,425.13290272071947,2546057.3920276505,-0.5255599660056474,-0.2814222456037292,7.0,52.0,903.65295,-780.8899
Finger3,null,null,null,null,null,null,null,null,null,null,null,null,null,null,null,null,null,null,null,null,null,null,null,null,null,null,null,null,null,null,null,null,null,null,null,null,null,null,null,10.179706905571024,142.69622567953792,59.0315772654998,173.85561399402388,65.31820043134587,-0.861807728867583,0.003657196429365968,65.31820043134587,-0.861807728867583,0.003657196429365968,65.31820043134587,-0.861807728867583,0.003657196429365968,65.31820043134587,-0.861807728867583,0.003657196429365968,3.0,4.665910033262143,4948547.382377612,0.0,0.370723637294841,286475.70279493614,0.0,0.0,0.0,0.0,0.0,0.0,0.7229818143190658,9662.486534173022,10410.977671554907,102.03419853928833,664621.8907738597,3.9199659137879435,1.2800084030766579,25.0,257.0,505.05066,-214.40735
Finger3,null,null,null,null,null,null,null,null,null,null,null,null,null,null,null,null,null,null,null,null,null,null,null,null,null,null,null,null,null,null,null,null,null,null,null,null,null,null,null,29.862462653127572,368.5903587428392,166.6345730925757,422.4203031719715,172.08018148110114,89.16365726606386,-8.947015758056587,172.08018148110114,89.16365726606386,-8.947015758056587,172.08018148110114,89.16365726606386,-8.947015758056587,172.08018148110114,89.16365726606386,-8.947015758056587,2.0,1.7969806699431998,138043.2729035622,0.0,0.0,1754864.8767943971,0.0,0.0,0.0,0.0,0.0,0.0,440.64401623076924,3376.247384991316,167396.23234358613,409.1408465841392,1114911.714335283,-1.5515312229551421,-0.11511806556440501,1.0,13.0,1014.33105,-191.54663
Finger3,null,null,null,null,null,null,null,null,null,null,null,null,null,null,null,null,null,null,null,null,null,null,null,null,null,null,null,null,null,null,null,null,null,null,null,null,null,null,null,21.273050086441987,196.6191401110389,88.61876665458493,198.0288578467563,197.73466385337863,-36.26828302653803,0.11673074519688953,197.73466385337863,-36.26828302653803,0.11673074519688953,197.73466385337863,-36.26828302653803,0.11673074519688953,197.73466385337863,-36.26828302653803,0.11673074519688953,29.0,36.378849363274966,2.3895183478754732E8,0.0,0.36463165321128144,647304.3965134369,1.0,0.8316222416987816,1.207430074255966E7,0.0,0.0,0.0,11.127635154880952,6974.014260434369,16580.582288081023,128.7656098812141,692752.1190223714,4.1977179871909645,1.2623346381249234,15.0,168.0,536.27014,-283.89587
Finger3,null,null,null,null,null,null,null,null,null,null,null,null,null,null,null,null,null,null,null,null,null,null,null,null,null,null,null,null,null,null,null,null,null,null,null,null,null,null,null,123.13693082578547,257.56724730691,133.59597037953995,274.1647681127269,136.0446456954005,46.42590241869027,-3.6147144380334595,136.0446456954005,46.42590241869027,-3.6147144380334595,136.0446456954005,46.42590241869027,-3.6147144380334595,136.0446456954005,46.42590241869027,-3.6147144380334595,0.0,0.7789070020710299,1793967.634319098,0.0,0.33446221020788314,6357398.221577618,1.0,0.8251994511779718,2.0591429782338988E7,0.0,0.0,0.0,-414.312744,3246.4542861499776,33545.94325207157,183.15551657559095,766182.6730316409,-1.4605234095274586,0.3634835546237888,0.0,15.0,-93.35632,-644.8334
Finger3,79.93924457644263,276.2237296338729,106.00908954132319,300.7824304306911,280.9831238807933,-66.55355428787107,5.047973817072176,280.9831238807933,-66.55355428787107,5.047973817072176,280.9831238807933,-66.55355428787107,5.047973817072176,280.9831238807933,-66.55355428787107,5.047973817072176,2.0,1.4422716999022773,65560.2878963078,0.0,0.3552191219695245,3558992.032239775,1.0,0.8441328894308507,2.322676469273401E7,0.0,0.0,0.0,-359.4844272857143,2954.93865971892,85088.09317475889,291.69863416676964,729899.2035561263,-1.3675772802473534,0.36953392619535386,1.0,14.0,148.74573,-724.1913,null,null,null,null,null,null,null,null,null,null,null,null,null,null,null,null,null,null,null,null,null,null,null,null,null,null,null,null,null,null,null,null,null,null,null,null,null,null,null
Finger3,null,null,null,null,null,null,null,null,null,null,null,null,null,null,null,null,null,null,null,null,null,null,null,null,null,null,null,null,null,null,null,null,null,null,null,null,null,null,null,14.363782922188596,240.4112410884785,61.9844286620862,263.7065341356505,274.6149402511742,-3.271303176879883,-3.2713050842285156,274.6149402511742,-3.271303176879883,-3.2713050842285156,274.6149402511742,-3.271303176879883,-3.2713050842285156,274.6149402511742,-3.271303176879883,-3.2713050842285156,46.0,67.40999948249788,1.6165343474337683E9,0.0,0.0,606020.05603441,1.0,1.7856762371650738,5.89768911813659E7,0.0,0.0,0.0,2.1685791610303045,14035.04041440377,18290.037461096,135.24066496840365,1501246.5850700147,4.943142540182689,0.9891567542787462,27.0,330.0,632.3456,-388.02795
Finger3,null,null,null,null,null,null,null,null,null,null,null,null,null,null,null,null,null,null,null,null,null,null,null,null,null,null,null,null,null,null,null,null,null,null,null,null,null,null,null,61.03503480453936,209.2315647828785,72.58474824029501,213.12996190762527,99.26878611774441,10.831628694612107,-0.4070979229700651,99.26878611774441,10.831628694612107,-0.4070979229700651,99.26878611774441,10.831628694612107,-0.4070979229700651,99.26878611774441,10.831628694612107,-0.4070979229700651,0.0,0.0,0.0,0.0,0.3583949411431274,1493149.8547579057,1.0,0.8325886970875395,1.250788952743749E7,5.0,4.938051748866234,1.4100887632048376E7,1.62251765925923,3957.7446776433153,100388.25245492271,316.841052351053,657158.2735083174,-1.3626082675526205,0.36964756966219575,2.0,27.0,543.92395,-397.5952
Finger3,null,null,null,null,null,null,null,null,null,null,null,null,null,null,null,null,null,null,null,null,null,null,null,null,null,null,null,null,null,null,null,null,null,null,null,null,null,null,null,19.77199834498323,171.96724286668135,101.9340337416501,185.68230775830756,0.0,0.0,0.0,160.9134586272521,2.856989519506328,-0.3334295785625798,160.9134586272521,2.856989519506328,-0.3334295785625798,160.9134586272521,2.856989519506328,-0.3334295785625798,2.0,3.609787262735617,7.893776482614343E7,0.0,0.34848228293832234,954388.7303847878,1.0,0.8392972977801886,8325579.157304637,0.0,0.0,0.0,-67.87719692592593,3864.0570434988144,95128.09867149625,308.42843363006637,641708.3640188536,-1.1881464875845584,0.48759539354020326,1.0,27.0,467.08374,-456.00586
Finger3,35.91304577877188,256.3125138834049,145.22145954597076,285.2661881609683,299.1595870255702,10.475685311488633,-7.953194313055064,299.1595870255702,10.475685311488633,-7.953194313055064,299.1595870255702,10.475685311488633,-7.953194313055064,299.1595870255702,10.475685311488633,-7.953194313055064,0.0,0.7672029994132277,458116.5834272783,0.0,0.0,0.0,0.0,0.0,0.0,0.0,0.0,0.0,-364.9730140714285,2821.208028466777,68935.5351159316,262.55577524772065,670199.4782047424,-0.7234988644203115,0.7398811181762515,1.0,14.0,199.60327,-656.4148,null,null,null,null,null,null,null,null,null,null,null,null,null,null,null,null,null,null,null,null,null,null,null,null,null,null,null,null,null,null,null,null,null,null,null,null,null,null,null
Finger3,null,null,null,null,null,null,null,null,null,null,null,null,null,null,null,null,null,null,null,null,null,null,null,null,null,null,null,null,null,null,null,null,null,null,null,null,null,null,null,114.6432416449534,376.88930950060586,135.05467153683335,450.19805588196795,169.22287827281048,90.6769352668232,-8.515295706358515,169.22287827281048,90.6769352668232,-8.515295706358515,169.22287827281048,90.6769352668232,-8.515295706358515,169.22287827281048,90.6769352668232,-8.515295706358515,1.0,1.379830930931325,120136.20804346385,0.0,0.0,1780304.1858241602,0.0,0.0,0.0,0.0,0.0,0.0,442.27858399999997,3737.7561609179347,207428.85268901195,455.4435779424406,1272273.7573969772,-1.379893351200137,-0.1217355137197617,1.0,13.0,1084.1217,-334.4513
Finger3,null,null,null,null,null,null,null,null,null,null,null,null,null,null,null,null,null,null,null,null,null,null,null,null,null,null,null,null,null,null,null,null,null,null,null,null,null,null,null,77.12253212035363,340.2221083458531,105.61880197792799,427.51043982536663,150.73368915363426,90.02718329006586,-8.63860260646242,150.73368915363426,90.02718329006586,-8.63860260646242,150.73368915363426,90.02718329006586,-8.63860260646242,150.73368915363426,90.02718329006586,-8.63860260646242,3.0,2.0595116828628615,49075.41636465692,0.0,0.0,1487360.6439100814,1.0,0.8624054885135968,3.646588468740835E7,0.0,0.0,0.0,419.836184076923,3366.566562929136,164605.4575830916,405.71598142431066,1088219.105330257,-1.5637231590036893,0.25774183391748495,1.0,13.0,1055.722,-43.00232
Finger3,null,null,null,null,null,null,null,null,null,null,null,null,null,null,null,null,null,null,null,null,null,null,null,null,null,null,null,null,null,null,null,null,null,null,null,null,null,null,null,10.389972363864178,187.6221298490014,72.31225916280845,227.04066005859187,76.6806940038407,52.07427112103926,-4.294450816394711,76.6806940038407,52.07427112103926,-4.294450816394711,76.6806940038407,52.07427112103926,-4.294450816394711,76.6806940038407,52.07427112103926,-4.294450816394711,0.0,0.8139037546850418,223436.3902373915,0.0,0.3357595376970732,4112687.4656602624,0.0,0.0,0.0,0.0,0.0,0.0,282.8955069666667,2259.1412998929095,40922.20685911351,202.2923796367859,440928.5009450317,-1.732345037647947,0.03321733768359408,0.0,15.0,551.57776,6.8481445
Finger3,null,null,null,null,null,null,null,null,null,null,null,null,null,null,null,null,null,null,null,null,null,null,null,null,null,null,null,null,null,null,null,null,null,null,null,null,null,null,null,106.63217668669286,312.8008215640651,45.10342367048778,348.5196176726149,-44.05735059233166,51.46244492852691,-2.17006521091254,-44.05735059233166,51.46244492852691,-2.17006521091254,-44.05735059233166,51.46244492852691,-2.17006521091254,-44.05735059233166,51.46244492852691,-2.17006521091254,1.0,2.361263055844615,691030.1819426917,0.0,0.0,1124351.9413624364,0.0,0.0,0.0,0.0,0.0,0.0,231.59317061849998,3536.6564531788954,118962.46927116306,344.9093638496396,872807.9632845188,-1.4070652432198154,0.4346815846055119,3.0,20.0,814.42566,-210.78186
Finger3,null,null,null,null,null,null,null,null,null,null,null,null,null,null,null,null,null,null,null,null,null,null,null,null,null,null,null,null,null,null,null,null,null,null,null,null,null,null,null,7.203826366728709,183.12273553294432,95.0111401224177,233.9070457564406,105.37366232156887,45.293334947659844,-4.3728513273339935,105.37366232156887,45.293334947659844,-4.3728513273339935,105.37366232156887,45.293334947659844,-4.3728513273339935,105.37366232156887,45.293334947659844,-4.3728513273339935,0.0,0.8356541714040594,588266.2777221474,0.0,0.0,0.0,1.0,0.8570832946946277,8990682.851431677,0.0,0.0,0.0,279.3424349285714,2015.5595167062147,36117.54840455836,190.04617440127112,383571.2672107098,-1.8579708512350877,0.09587545486203854,0.0,14.0,518.54553,35.147095
Finger3,null,null,null,null,null,null,null,null,null,null,null,null,null,null,null,null,null,null,null,null,null,null,null,null,null,null,null,null,null,null,null,null,null,null,null,null,null,null,null,31.265781971441225,310.46293916214614,80.02355815990272,370.5723614731034,103.26668019413398,89.71514454488329,-8.568597837110026,103.26668019413398,89.71514454488329,-8.568597837110026,103.26668019413398,89.71514454488329,-8.568597837110026,103.26668019413398,89.71514454488329,-8.568597837110026,0.0,0.0,0.0,0.0,0.0,788799.6403958448,1.0,0.867454449399324,2.7668955819101058E7,1.0,1.6185756794065715,4.0803270078045376E7,325.7904027692308,2770.6595239357816,151548.5643225519,389.29238924303655,795274.1438875771,-1.5104175945533322,0.30545615680741744,1.0,13.0,964.682,-131.52466
Finger3,null,null,null,null,null,null,null,null,null,null,null,null,null,null,null,null,null,null,null,null,null,null,null,null,null,null,null,null,null,null,null,null,null,null,null,null,null,null,null,34.89158349955823,340.0385723269505,49.94455242534145,369.8904312755159,246.5107472907498,-3.7176175809414325,0.016222367025654202,246.5107472907498,-3.7176175809414325,0.016222367025654202,246.5107472907498,-3.7176175809414325,0.016222367025654202,246.5107472907498,-3.7176175809414325,0.016222367025654202,26.0,35.707364391834005,2.537962025465621E9,0.0,NaN,0.0,0.0,0.0,0.0,0.0,0.0,0.0,1.5731450651658783,20086.668159011824,64966.93918973152,254.8861298496478,3415756.3201454952,1.9272001966983217,1.0657327601512547,23.0,211.0,908.78906,-560.44006
Finger3,null,null,null,null,null,null,null,null,null,null,null,null,null,null,null,null,null,null,null,null,null,null,null,null,null,null,null,null,null,null,null,null,null,null,null,null,null,null,null,94.13636607229476,337.2087313553449,95.51829389588737,364.85010574964105,342.1189295326418,-76.63371331549786,5.288645819509497,90.35727614409484,22.632255216850126,-0.8227202551740618,90.35727614409484,22.632255216850126,-0.8227202551740618,90.35727614409484,22.632255216850126,-0.8227202551740618,3.0,3.859804794377044,7.632081971995729E7,0.0,NaN,0.0,1.0,0.8553359215841246,3.2037802212589614E7,0.0,0.0,0.0,1.7204271583332893,4857.634684839841,192528.95639157153,438.7812169995105,1136495.6819858206,-0.8685781402544617,0.826700719325906,1.0,24.0,886.6333,-430.42603
Finger3,null,null,null,null,null,null,null,null,null,null,null,null,null,null,null,null,null,null,null,null,null,null,null,null,null,null,null,null,null,null,null,null,null,null,null,null,null,null,null,10.916975593966953,204.44612778971157,117.50818389658357,239.13469822491246,209.15119732214097,-62.64723737611004,4.462436677482877,117.95780781998315,-6.151954951952305,0.11656850344949432,117.95780781998315,-6.151954951952305,0.11656850344949432,117.95780781998315,-6.151954951952305,0.11656850344949432,0.0,0.0,0.0,0.0,0.0,0.0,1.0,0.8572165674920542,1.1534861609359484E7,6.0,8.50277984641196,6.0405943607541665E7,45.930719590156265,5095.380876916335,44392.566367643056,210.69543508971202,714954.3472009519,-0.0016150400016679,0.4372879981845421,4.0,64.0,578.2654,-342.1051
Finger3,35.97822342711346,242.81712919738632,102.05563846948039,284.3853424905445,19.10005822915778,-0.02037394299679049,6.94693422490887E-6,19.10005822915778,-0.02037394299679049,6.94693422490887E-6,0.0,0.0,0.0,19.10005822915778,-0.02037394299679049,6.94693422490887E-6,0.0,0.0,0.0,0.0,0.354299430065662,3221841.4763659835,1.0,0.837976476648703,1.7637990155311856E7,0.0,0.0,0.0,0.0,0.0,0.0,0.0,0.0,0.0,0.0,0.0,0.0,0.0,0.0,null,null,null,null,null,null,null,null,null,null,null,null,null,null,null,null,null,null,null,null,null,null,null,null,null,null,null,null,null,null,null,null,null,null,null,null,null,null,null
Finger3,null,null,null,null,null,null,null,null,null,null,null,null,null,null,null,null,null,null,null,null,null,null,null,null,null,null,null,null,null,null,null,null,null,null,null,null,null,null,null,61.24698136656779,235.02415000005132,93.72443409590083,288.71866731140193,236.61817398698372,-55.42087415700394,4.010632410796973,236.61817398698372,-55.42087415700394,4.010632410796973,236.61817398698372,-55.42087415700394,4.010632410796973,236.61817398698372,-55.42087415700394,4.010632410796973,7.0,8.748149787821037,3.6582588617115855E7,0.0,0.35486065387454707,3479406.636364881,1.0,0.8462779473749754,1.727574915968087E7,0.0,0.0,0.0,41.57875153067797,5956.607376446391,57950.3445737836,240.72877803408466,874016.5031398697,0.2813590662383225,1.0348033678565283,3.0,59.0,674.0387,-258.11462
Finger3,null,null,null,null,null,null,null,null,null,null,null,null,null,null,null,null,null,null,null,null,null,null,null,null,null,null,null,null,null,null,null,null,null,null,null,null,null,null,null,36.34919488719467,181.27832334793274,103.16449669565728,187.13246479592323,121.21637471069027,-4.134787712742252,0.04181783986523718,121.21637471069027,-4.134787712742252,0.04181783986523718,121.21637471069027,-4.134787712742252,0.04181783986523718,121.21637471069027,-4.134787712742252,0.04181783986523718,14.0,17.773712359867787,2.437622449514208E8,0.0,0.3771914797039627,720356.3025808147,0.0,0.0,0.0,0.0,0.0,0.0,7.464628221495326,6359.347837473649,24729.391116949937,157.25581425483108,654410.6719507023,1.3619424604201322,1.2221593179461026,9.0,107.0,510.08606,-239.68506
Finger3,null,null,null,null,null,null,null,null,null,null,null,null,null,null,null,null,null,null,null,null,null,null,null,null,null,null,null,null,null,null,null,null,null,null,null,null,null,null,null,39.51476641429697,186.61208930904772,138.20122284616855,209.04399908685707,224.02739101449453,-4.332014083862305,-4.3320159912109375,224.02739101449453,-4.332014083862305,-4.3320159912109375,224.02739101449453,-4.332014083862305,-4.3320159912109375,224.02739101449453,-4.332014083862305,-4.3320159912109375,1.0,1.8098161162821926,2.677912723821378E7,0.0,0.0,280181.0280472641,1.0,0.8343970764885748,1.051089250683994E7,0.0,0.0,0.0,-14.48881769565218,3052.1183823147094,88918.35930810432,298.1918162996837,470878.329042718,-1.2753327504491065,0.5259396005573751,1.0,23.0,506.9641,-368.3899
Finger3,null,null,null,null,null,null,null,null,null,null,null,null,null,null,null,null,null,null,null,null,null,null,null,null,null,null,null,null,null,null,null,null,null,null,null,null,null,null,null,135.8487310960097,378.1614611701034,140.85831007321218,457.62868132862013,221.92063036751415,7.900826903665234,-0.2108072051449028,221.92063036751415,7.900826903665234,-0.2108072051449028,221.92063036751415,7.900826903665234,-0.2108072051449028,221.92063036751415,7.900826903665234,-0.2108072051449028,3.0,3.926483819515038,1.8715161024106443E8,0.0,0.3544500933567149,1.0654837811505018E7,1.0,0.8358855853180136,4.5183214049622774E7,0.0,0.0,0.0,16.11999280000003,8291.022976324408,365478.17215996777,604.5479072496801,2684069.6430227915,-1.388209364473572,0.3458136643863642,1.0,30.0,1001.239,-767.4957
Finger3,null,null,null,null,null,null,null,null,null,null,null,null,null,null,null,null,null,null,null,null,null,null,null,null,null,null,null,null,null,null,null,null,null,null,null,null,null,null,null,65.32323115203872,239.0625295902899,103.30040020341059,273.6689028009623,280.98220709690213,-5.973484039306641,-5.973484039306641,280.98220709690213,-5.973484039306641,-5.973484039306641,280.98220709690213,-5.973484039306641,-5.973484039306641,280.98220709690213,-5.973484039306641,-5.973484039306641,2.0,1.691001233529291,139432.49057807156,0.0,0.0,759032.9483515009,1.0,0.8473296789391038,1.6942967265163075E7,0.0,0.0,0.0,274.01874376923075,2352.7765460496594,84501.01601526361,290.6905846691007,497432.5429096037,-1.5659702561829891,-0.28473134913418013,1.0,13.0,643.5242,-172.2107
Finger3,null,null,null,null,null,null,null,null,null,null,null,null,null,null,null,null,null,null,null,null,null,null,null,null,null,null,null,null,null,null,null,null,null,null,null,null,null,null,null,28.656773082771796,178.6782271626648,83.39974259337241,200.66688990833532,80.21369088798986,43.45684787129892,-3.5880581358274846,80.21369088798986,43.45684787129892,-3.5880581358274846,0.0,0.0,0.0,80.21369088798986,43.45684787129892,-3.5880581358274846,0.0,0.0,0.0,0.0,0.33480322047957584,3224231.0696443883,0.0,0.0,0.0,0.0,0.0,0.0,0.0,0.0,0.0,0.0,0.0,0.0,0.0,0.0,0.0,0.0,0.0
Finger3,null,null,null,null,null,null,null,null,null,null,null,null,null,null,null,null,null,null,null,null,null,null,null,null,null,null,null,null,null,null,null,null,null,null,null,null,null,null,null,115.69054584299184,257.1015785382693,95.89877167754683,298.3325678423272,95.85670026460139,57.82286200777105,-4.330484475926113,95.85670026460139,57.82286200777105,-4.330484475926113,95.85670026460139,57.82286200777105,-4.330484475926113,95.85670026460139,57.82286200777105,-4.330484475926113,1.0,0.8801511109777255,1986343.3553418587,0.0,0.3547853238093969,4134455.751320067,0.0,0.0,0.0,0.0,0.0,0.0,-385.2349810666667,3113.8092726785535,47121.137916363834,217.07403786810582,735026.2064309332,-1.6864769211488295,0.09230816388287337,0.0,15.0,-76.034546,-677.26135
Finger3,null,null,null,null,null,null,null,null,null,null,null,null,null,null,null,null,null,null,null,null,null,null,null,null,null,null,null,null,null,null,null,null,null,null,null,null,null,null,null,30.825880430416245,256.3067604794389,62.01246718503746,307.85269073591553,39.324599976991976,19.183057207637944,-0.6496372202226119,39.324599976991976,19.183057207637944,-0.6496372202226119,39.324599976991976,19.183057207637944,-0.6496372202226119,39.324599976991976,19.183057207637944,-0.6496372202226119,3.0,3.852718536345401,2.8522635592033494E7,0.0,0.0,572015.6162577796,0.0,0.0,0.0,0.0,0.0,0.0,47.94475734423077,3667.687550547385,108664.8702148357,329.6435502400065,695422.7294681049,-0.4090161035791189,0.9412025428205434,3.0,26.0,800.2258,-278.15552
Finger3,null,null,null,null,null,null,null,null,null,null,null,null,null,null,null,null,null,null,null,null,null,null,null,null,null,null,null,null,null,null,null,null,null,null,null,null,null,null,null,57.92997459753358,263.10483338155404,165.11028770867037,313.16427049049787,264.03807311414005,-47.64416680640079,1.259599139807051,264.03807311414005,-47.64416680640079,1.259599139807051,186.06296286042755,-4.574234676631313,0.037213978615057264,186.06296286042755,-4.574234676631313,0.037213978615057264,12.0,16.94176686046059,3.286957763847402E8,0.0,0.0,1129697.6111370753,1.0,0.8456244995054745,2.214635434174456E7,0.0,0.0,0.0,34.17153437709921,12992.941292988575,65092.75780629581,255.1328238512164,2130236.228262056,0.5541307000626303,1.1406393758560678,11.0,131.0,731.34155,-362.146
Finger3,null,null,null,null,null,null,null,null,null,null,null,null,null,null,null,null,null,null,null,null,null,null,null,null,null,null,null,null,null,null,null,null,null,null,null,null,null,null,null,54.03479269807006,216.73094850523373,66.66347558843599,240.8891021075232,106.13435866916393,10.732425865110713,-0.4153514746058562,106.13435866916393,10.732425865110713,-0.4153514746058562,106.13435866916393,10.732425865110713,-0.4153514746058562,106.13435866916393,10.732425865110713,-0.4153514746058562,3.0,3.93131192322147,5.177421107914673E7,0.0,0.0,493136.7199005636,0.0,0.0,0.0,0.0,0.0,0.0,3.6061211923076977,3952.714835423213,107735.40181961893,328.230714314823,682058.6832425975,-1.3235630269819756,0.3113742754236194,2.0,26.0,582.79724,-429.11682
Finger3,null,null,null,null,null,null,null,null,null,null,null,null,null,null,null,null,null,null,null,null,null,null,null,null,null,null,null,null,null,null,null,null,null,null,null,null,null,null,null,147.67740985266803,269.75570896260143,72.55210310282249,308.22301353785684,82.80611336507604,61.900304885491664,-4.393249567094109,82.80611336507604,61.900304885491664,-4.393249567094109,82.80611336507604,61.900304885491664,-4.393249567094109,82.80611336507604,61.900304885491664,-4.393249567094109,1.0,0.9629044376864585,765665.8824172311,0.0,0.0,0.0,1.0,0.8377773728304053,2.2982190980127633E7,0.0,0.0,0.0,-375.68114829333337,3282.4754036803174,65621.18915894034,256.1663310408695,806683.7686755203,-1.696347629160479,0.2635223248159525,0.0,15.0,-5.0354004,-683.1024
Finger3,76.76727392467552,223.7657567432543,102.04137237392005,252.98156864953404,260.99882827983527,-4.743263244628906,-4.743265151977539,260.99882827983527,-4.743263244628906,-4.743265151977539,260.99882827983527,-4.743263244628906,-4.743265151977539,260.99882827983527,-4.743263244628906,-4.743265151977539,0.0,0.8378259094188865,267215.94060687476,0.0,0.0,586733.1887417122,0.0,0.0,0.0,0.0,0.0,0.0,0.0,0.0,0.0,0.0,0.0,0.0,0.0,0.0,0.0,0.0,0.0,null,null,null,null,null,null,null,null,null,null,null,null,null,null,null,null,null,null,null,null,null,null,null,null,null,null,null,null,null,null,null,null,null,null,null,null,null,null,null
Finger3,null,null,null,null,null,null,null,null,null,null,null,null,null,null,null,null,null,null,null,null,null,null,null,null,null,null,null,null,null,null,null,null,null,null,null,null,null,null,null,93.9263442500594,273.0121867813494,117.10000108303528,319.0730977635787,324.35066455036554,-7.296749114990234,-7.296751022338867,324.35066455036554,-7.296749114990234,-7.296751022338867,324.35066455036554,-7.296749114990234,-7.296751022338867,324.35066455036554,-7.296749114990234,-7.296751022338867,1.0,0.8894482357127048,2896370.8590382775,0.0,0.0,1103942.4154744893,1.0,0.847395948298551,2.3091401452881586E7,0.0,0.0,0.0,397.0269364285715,2999.2851266519083,49475.30742866584,222.43045526336056,729536.3536045429,-1.4473451703958868,0.09469377532058022,0.0,14.0,725.3998,41.89453
Finger3,null,null,null,null,null,null,null,null,null,null,null,null,null,null,null,null,null,null,null,null,null,null,null,null,null,null,null,null,null,null,null,null,null,null,null,null,null,null,null,162.5870798554915,429.93511020234035,198.443839346529,473.87879767661536,195.469578344306,79.81821829573846,-2.3498807770826033,195.469578344306,79.81821829573846,-2.3498807770826033,195.469578344306,79.81821829573846,-2.3498807770826033,210.10883379655365,88.63410518003934,-8.165896875878161,1.0,1.2509327000909334,1079617.0652077142,0.0,0.0,2503112.55427984,0.0,0.0,0.0,0.0,0.0,0.0,471.76279492307697,4337.042076178546,295510.5807834832,543.6088490665721,1611089.7029544283,-1.427332178895641,-0.4941888274680277,1.0,13.0,1077.3743,-452.48108
Finger3,null,null,null,null,null,null,null,null,null,null,null,null,null,null,null,null,null,null,null,null,null,null,null,null,null,null,null,null,null,null,null,null,null,null,null,null,null,null,null,57.33572314950613,311.8064329300348,152.00533069376408,383.68331494856045,176.2581583751014,69.67634354535517,-7.114477464121329,176.2581583751014,69.67634354535517,-7.114477464121329,176.2581583751014,69.67634354535517,-7.114477464121329,176.2581583751014,69.67634354535517,-7.114477464121329,3.0,2.337333471484123,151094.85293078554,0.0,0.0,1607860.8229308303,1.0,0.8628790992441593,2.851335281108261E7,0.0,0.0,0.0,376.05145192307697,3101.700505497742,154304.60248979012,392.8162451958805,903961.7780287194,-1.4477822252078936,-0.2386940518628901,1.0,13.0,903.9551,-259.021
Finger3,null,null,null,null,null,null,null,null,null,null,null,null,null,null,null,null,null,null,null,null,null,null,null,null,null,null,null,null,null,null,null,null,null,null,null,null,null,null,null,64.4600607439436,290.3791448362781,145.29876511540778,337.3902578581244,294.113911067265,-53.6555898321526,1.3821334949076913,294.113911067265,-53.6555898321526,1.3821334949076913,294.113911067265,-53.6555898321526,1.3821334949076913,294.113911067265,-53.6555898321526,1.3821334949076913,1.0,1.5914862362651698,384615.66728466784,0.0,0.0,1441538.4987143574,1.0,0.8303751393108171,2.573182917497999E7,0.0,0.0,0.0,343.54600115384613,2966.8646743221884,141917.44275331308,376.71931560953055,784552.2925770268,-1.371451724471367,-0.5247909745661227,1.0,13.0,748.2605,-305.24597
Finger3,null,null,null,null,null,null,null,null,null,null,null,null,null,null,null,null,null,null,null,null,null,null,null,null,null,null,null,null,null,null,null,null,null,null,null,null,null,null,null,87.77398511007462,307.67391706384905,93.44581026916131,358.34244439952346,121.80705895402116,18.123805382272565,-0.5941481343286963,121.80705895402116,18.123805382272565,-0.5941481343286963,121.80705895402116,18.123805382272565,-0.5941481343286963,121.80705895402116,18.123805382272565,-0.5941481343286963,2.0,3.6425779337958777,1.0400894049490972E8,0.0,0.0,1209187.7423603325,1.0,1.7283307259076193,6.799131774517968E7,0.0,0.0,0.0,28.661498700000053,6455.129821945356,209656.91538091056,457.8830804702338,1552224.4485582064,-1.3801802070963154,0.38556787736402165,1.0,30.0,883.9142,-519.754
Finger3,null,null,null,null,null,null,null,null,null,null,null,null,null,null,null,null,null,null,null,null,null,null,null,null,null,null,null,null,null,null,null,null,null,null,null,null,null,null,null,67.29970787044202,282.4020021327394,120.58864404330495,267.6886781199299,120.76466593011958,41.983745902511146,-1.2965157253242978,120.76466593011958,41.983745902511146,-1.2965157253242978,120.76466593011958,41.983745902511146,-1.2965157253242978,120.76466593011958,41.983745902511146,-1.2965157253242978,0.0,0.0,0.0,0.0,0.0,0.0,1.0,0.8389069252830992,2.2973386185923513E7,1.0,1.8242086790216747,1.025952816751133E8,380.600739375,3536.5115430469805,80814.31485160286,284.27858669200333,892875.1276748083,-1.3075096098436705,-0.5689216827848659,1.0,16.0,698.2086,-91.44287
Finger3,null,null,null,null,null,null,null,null,null,null,null,null,null,null,null,null,null,null,null,null,null,null,null,null,null,null,null,null,null,null,null,null,null,null,null,null,null,null,null,48.224821002663795,305.1441849224999,168.8051291911613,376.84584140937267,375.74070807071234,-11.548263549804688,-11.548263549804688,375.74070807071234,-11.548263549804688,-11.548263549804688,375.74070807071234,-11.548263549804688,-11.548263549804688,375.74070807071234,-11.548263549804688,-11.548263549804688,1.0,0.9990788667487407,295489.65548422694,0.0,0.0,1454626.79545681,0.0,0.0,0.0,0.0,0.0,0.0,394.3183287692308,3015.7010182631584,132649.3582089412,364.2105959591802,871356.5232225644,-1.154578907661072,-0.3032450652080855,1.0,13.0,910.8032,-288.0249
Finger3,null,null,null,null,null,null,null,null,null,null,null,null,null,null,null,null,null,null,null,null,null,null,null,null,null,null,null,null,null,null,null,null,null,null,null,null,null,null,null,27.85620606859461,108.74470411719793,124.22676389132317,148.14634287499246,75.28842799297729,-0.6218940543525537,0.0023430163535474446,75.28842799297729,-0.6218940543525537,0.0023430163535474446,75.28842799297729,-0.6218940543525537,0.0023430163535474446,75.28842799297729,-0.6218940543525537,0.0023430163535474446,13.0,17.616786608536973,2.0637104234720942E8,0.0,0.36617522309431116,370826.66540781525,0.0,0.0,0.0,0.0,0.0,0.0,-10.735328965698928,13758.310117032699,18655.197742840315,136.58403180035475,1292386.0546378703,1.3496194108575637,-0.08940770674559347,29.0,279.0,458.9264,-338.88245
Finger3,null,null,null,null,null,null,null,null,null,null,null,null,null,null,null,null,null,null,null,null,null,null,null,null,null,null,null,null,null,null,null,null,null,null,null,null,null,null,null,38.923579077439506,253.31858224970117,144.70157744284103,318.68570980258875,140.31586965409213,-2.4886855838764816,0.014962415643134691,140.31586965409213,-2.4886855838764816,0.014962415643134691,140.31586965409213,-2.4886855838764816,0.014962415643134691,140.31586965409213,-2.4886855838764816,0.014962415643134691,0.0,0.0,0.0,0.0,0.0,1034186.1838553026,0.0,0.0,0.0,0.0,0.0,0.0,21.202819506358377,12848.225627580923,38064.671001146555,195.10169399865947,1629082.7330756814,1.8573126555086468,1.0930432106449157,21.0,173.0,728.62244,-340.39307
Finger3,null,null,null,null,null,null,null,null,null,null,null,null,null,null,null,null,null,null,null,null,null,null,null,null,null,null,null,null,null,null,null,null,null,null,null,null,null,null,null,49.17240063306366,242.70167010144942,111.37167449323161,286.43669242152936,126.17635081966807,54.23779526191129,-5.4190583559315755,126.17635081966807,54.23779526191129,-5.4190583559315755,126.17635081966807,54.23779526191129,-5.4190583559315755,126.17635081966807,54.23779526191129,-5.4190583559315755,0.0,0.0,0.0,0.0,0.0,0.0,1.0,0.8644431585902725,1.6633987950515393E7,1.0,1.667825395951888,4.400744155940396E7,327.87428469230775,2348.4526609910054,54692.85473395968,233.86503529591522,513671.21394789015,-1.6123935138023977,0.07926890741099005,0.0,13.0,688.9435,11.581421
Finger3,null,null,null,null,null,null,null,null,null,null,null,null,null,null,null,null,null,null,null,null,null,null,null,null,null,null,null,null,null,null,null,null,null,null,null,null,null,null,null,44.675246248324804,264.6940042609052,76.92911851525884,295.0658112186484,109.80928092269846,-2.7063196834884877,0.14949018919578894,109.80928092269846,-2.7063196834884877,0.14949018919578894,109.80928092269846,-2.7063196834884877,0.14949018919578894,109.80928092269846,-2.7063196834884877,0.14949018919578894,2.0,3.587099404836004,2.8714247928272493E7,0.0,0.0,605079.6366528225,1.0,0.8566252319475353,1.989998728514429E7,0.0,0.0,0.0,28.45720452285713,4278.837860861248,86380.98549125937,293.9064230180405,745089.4512972346,-0.08853030624965941,0.9804745905247488,4.0,35.0,751.0803,-310.18066
Finger3,null,null,null,null,null,null,null,null,null,null,null,null,null,null,null,null,null,null,null,null,null,null,null,null,null,null,null,null,null,null,null,null,null,null,null,null,null,null,null,84.44215645761035,289.1553678652725,99.79751825241568,312.894073956296,0.0,0.0,0.0,0.0,0.0,0.0,0.0,0.0,0.0,97.33876673443115,71.73573768128654,-4.31670153299217,0.0,0.7455715720769479,339393.95971932716,0.0,0.0,793457.5285470289,1.0,0.8483010784696507,2.5376996536262687E7,1.0,1.6899944337709931,5.7791950265725456E7,371.34916215384624,2791.1718721344655,74642.71937599343,273.20819785649445,692218.9286263518,-1.5181570859945386,-0.0920396075813107,1.0,13.0,754.2023,-67.07153
Finger3,null,null,null,null,null,null,null,null,null,null,null,null,null,null,null,null,null,null,null,null,null,null,null,null,null,null,null,null,null,null,null,null,null,null,null,null,null,null,null,25.498792733332845,208.23202759271805,73.53758253152202,236.09589817504957,115.71689987037297,-2.1100953307045742,0.009384344572711197,115.71689987037297,-2.1100953307045742,0.009384344572711197,115.71689987037297,-2.1100953307045742,0.009384344572711197,115.71689987037297,-2.1100953307045742,0.009384344572711197,0.0,0.0,0.0,0.0,0.0,393518.06193163246,21.0,33.522090620520416,7.306299163421761E8,0.0,0.0,0.0,-2.256056715833329,6276.30737717142,12191.343229435533,110.41441585877966,617972.9464931424,9.940210429649136,2.274095102860167,24.0,204.0,577.76184,-268.38684
Finger3,null,null,null,null,null,null,null,null,null,null,null,null,null,null,null,null,null,null,null,null,null,null,null,null,null,null,null,null,null,null,null,null,null,null,null,null,null,null,null,135.24838369474892,348.1540432426265,136.28886432411875,355.32100280371407,348.2148349577275,-49.17898962939694,1.3020060398538362,348.2148349577275,-49.17898962939694,1.3020060398538362,348.2148349577275,-49.17898962939694,1.3020060398538362,348.2148349577275,-49.17898962939694,1.3020060398538362,0.0,0.7827862857480875,1936852.9622415237,0.0,0.0,0.0,1.0,0.8454609768102697,3.6869607739346296E7,0.0,0.0,0.0,478.15386953846155,3423.2763094390716,69009.32040855543,262.6962512266885,996487.842219078,-1.622111886560399,0.057595964227555856,0.0,13.0,877.9724,106.448364
Finger3,null,null,null,null,null,null,null,null,null,null,null,null,null,null,null,null,null,null,null,null,null,null,null,null,null,null,null,null,null,null,null,null,null,null,null,null,null,null,null,132.37461421876577,298.196826925345,125.94666909983499,336.9150861788413,352.43310289829344,9.107022636079819,-9.666621461376963,352.43310289829344,9.107022636079819,-9.666621461376963,352.43310289829344,9.107022636079819,-9.666621461376963,352.43310289829344,9.107022636079819,-9.666621461376963,1.0,1.0116476493861044,7631282.272010932,0.0,0.3572631944963988,5305227.896166367,0.0,0.0,0.0,0.0,0.0,0.0,-453.7839918750001,3846.118717763056,50677.978332403036,225.1176988430786,1035002.4737889811,-1.5972655283583475,0.11818157913708845,0.0,16.0,-125.18005,-764.8773
Finger3,null,null,null,null,null,null,null,null,null,null,null,null,null,null,null,null,null,null,null,null,null,null,null,null,null,null,null,null,null,null,null,null,null,null,null,null,null,null,null,20.67473130172802,241.78784755141294,72.912885829933,278.3992099179893,34.65234727955203,56.22694003220943,-3.6134746625248333,34.65234727955203,56.22694003220943,-3.6134746625248333,34.65234727955203,56.22694003220943,-3.6134746625248333,34.65234727955203,56.22694003220943,-3.6134746625248333,1.0,1.6554114959271597,6107149.2617008155,0.0,0.0,755352.383304212,1.0,0.84629897979044,1.679978582538471E7,0.0,0.0,0.0,314.80138329411767,2830.1956533422494,41487.02595360102,203.68364184097118,585378.6852110937,-1.3289186986353858,0.16142699647079262,0.0,17.0,648.9624,36.758423
Finger3,null,null,null,null,null,null,null,null,null,null,null,null,null,null,null,null,null,null,null,null,null,null,null,null,null,null,null,null,null,null,null,null,null,null,null,null,null,null,null,15.105714460197,253.5985353927035,110.03831520850531,296.80501983288855,259.0983737881013,-71.39993023301213,4.333959727086295,259.0983737881013,-71.39993023301213,4.333959727086295,259.0983737881013,-71.39993023301213,4.333959727086295,259.0983737881013,-71.39993023301213,4.333959727086295,1.0,0.9038208432506476,987518.0030662448,0.0,0.0,859921.1954308095,1.0,0.8496240796535142,1.794488866347954E7,0.0,0.0,0.0,351.36249461538466,2360.7990662097245,53033.385854129396,230.2897866908765,548666.762587185,-1.718484712288278,0.22957444513456224,0.0,13.0,697.7051,79.35791
Finger3,null,null,null,null,null,null,null,null,null,null,null,null,null,null,null,null,null,null,null,null,null,null,null,null,null,null,null,null,null,null,null,null,null,null,null,null,null,null,null,107.08824785196467,216.88429825572703,128.95674186910736,257.9915929247661,197.98484243112796,-4.760505323688353,0.03009157327571338,197.98484243112796,-4.760505323688353,0.03009157327571338,197.98484243112796,-4.760505323688353,0.03009157327571338,197.98484243112796,-4.760505323688353,0.03009157327571338,3.0,4.087266938082716,5.5027716095115684E7,0.0,0.35933544567214953,2776323.523852396,0.0,0.0,0.0,0.0,0.0,0.0,-23.64948000405595,9002.797547713464,33811.69754488516,183.87957348461836,1234326.1773002644,2.221161198499196,0.6414456808554215,8.0,143.0,606.4636,-431.2317
Finger3,null,null,null,null,null,null,null,null,null,null,null,null,null,null,null,null,null,null,null,null,null,null,null,null,null,null,null,null,null,null,null,null,null,null,null,null,null,null,null,27.098155840113197,129.82662029225128,65.23664805929769,176.21492726879362,0.0,0.0,0.0,102.74781127427116,-1.427070029222083,0.005472794334452285,102.74781127427116,-1.427070029222083,0.005472794334452285,102.74781127427116,-1.427070029222083,0.005472794334452285,5.0,8.124337207041599,1.8229784392717388E7,0.0,0.0,0.0,34.0,42.109976608150106,3.008433840932756E8,0.0,0.0,0.0,7.970437855967073,9022.423848362412,11720.375453701314,108.26068286179112,714674.9102243492,3.040563726758034,1.1975284749651471,29.0,243.0,484.1034,-237.7716
Finger3,null,null,null,null,null,null,null,null,null,null,null,null,null,null,null,null,null,null,null,null,null,null,null,null,null,null,null,null,null,null,null,null,null,null,null,null,null,null,null,42.71752483684964,243.1794922095065,66.91392079022904,273.11520140499977,84.25551063047033,-1.3896684868656912,0.0077950486396976965,84.25551063047033,-1.3896684868656912,0.0077950486396976965,84.25551063047033,-1.3896684868656912,0.0077950486396976965,84.25551063047033,-1.3896684868656912,0.0077950486396976965,25.0,35.40501750246076,1.3872106215347195E9,0.0,0.0,261216.1936663145,1.0,0.8717404004361399,2.438500306402448E7,0.0,0.0,0.0,0.9564981621266995,12693.778901836144,24365.5843746299,156.0947929132484,1345116.2423943349,3.833736216617744,0.9491583759594008,19.0,221.0,732.0465,-382.489
Finger3,null,null,null,null,null,null,null,null,null,null,null,null,null,null,null,null,null,null,null,null,null,null,null,null,null,null,null,null,null,null,null,null,null,null,null,null,null,null,null,82.93480274625144,381.15298882591804,79.24435708939812,411.6714466304973,388.22819831561526,-80.38585287305705,3.6764670044817365,388.22819831561526,-80.38585287305705,3.6764670044817365,388.22819831561526,-80.38585287305705,3.6764670044817365,388.22819831561526,-80.38585287305705,3.6764670044817365,31.0,39.805137481478184,5.491333014502261E8,0.0,NaN,0.0,1.0,0.8503796889274422,4.054186800990634E7,0.0,0.0,0.0,0.8348162718420973,12979.626211284276,49502.672843573346,222.49196130101723,2365027.558582173,4.7955928060851525,1.6232031177069581,15.0,190.0,964.17847,-395.27893
Finger3,null,null,null,null,null,null,null,null,null,null,null,null,null,null,null,null,null,null,null,null,null,null,null,null,null,null,null,null,null,null,null,null,null,null,null,null,null,null,null,77.63259841930063,338.62770761844456,123.13254699222027,373.9954212753822,134.09804530514316,83.50547282091998,-7.731028516431955,134.09804530514316,83.50547282091998,-7.731028516431955,134.09804530514316,83.50547282091998,-7.731028516431955,134.09804530514316,83.50547282091998,-7.731028516431955,0.0,0.0,0.0,0.0,0.0,1231437.5300724024,1.0,0.8458584195808637,3.428294875128875E7,0.0,0.0,0.0,393.89226076923075,3231.532934658833,145345.1125010364,381.24154089112113,948973.8695209781,-1.5783667389463858,-0.21436274190735724,1.0,13.0,886.4319,-170.70007
Finger3,null,null,null,null,null,null,null,null,null,null,null,null,null,null,null,null,null,null,null,null,null,null,null,null,null,null,null,null,null,null,null,null,null,null,null,null,null,null,null,41.33350970476554,283.90499823684786,67.58413313383821,306.518283622962,317.35565818784346,-3.581836700439453,-3.581836700439453,317.35565818784346,-3.581836700439453,-3.581836700439453,317.35565818784346,-3.581836700439453,-3.581836700439453,317.35565818784346,-3.581836700439453,-3.581836700439453,1.0,1.181330267851249,2054522.396461947,0.0,0.0,871916.4215896224,1.0,0.8514706188188768,2.2154383692235593E7,0.0,0.0,0.0,339.150998666,2841.28825939055,66321.75253506628,257.5301002505654,669156.7092119666,-1.5112853616328963,0.09111161528386916,1.0,15.0,736.0748,-0.10070801
