Klasse,minimumSteigungWert,maximumSteigungWert,minimumSenkungWert,maximumSenkungWert,steigungA,steigungB,steigungC,senkungA,senkungB,senkungC,mittelA,mittelB,mittelC,gesamtA,gesamtB,gesamtC,fftAnfangMedian,fftAnfangMittel,fftAnfangPSD,fftMitteMedian,fftMitteMittel,fftMittePSD,fftEndeMedian,fftEndeMittel,fftEndePSD,fftGesamtMedian,fftGesamtMittel,fftGesamtPSD,mittelwert,signalstärke,varianz,standardabweichung,energie,kurtosis,schiefe,zeroCrossings,laenge,maximalwert,minimalwert,minimumSteigungWert,maximumSteigungWert,minimumSenkungWert,maximumSenkungWert,steigungA,steigungB,steigungC,senkungA,senkungB,senkungC,mittelA,mittelB,mittelC,gesamtA,gesamtB,gesamtC,fftAnfangMedian,fftAnfangMittel,fftAnfangPSD,fftMitteMedian,fftMitteMittel,fftMittePSD,fftEndeMedian,fftEndeMittel,fftEndePSD,fftGesamtMedian,fftGesamtMittel,fftGesamtPSD,mittelwert,signalstärke,varianz,standardabweichung,energie,kurtosis,schiefe,zeroCrossings,laenge,maximalwert,minimalwert,minimumSteigungWert,maximumSteigungWert,minimumSenkungWert,maximumSenkungWert,steigungA,steigungB,steigungC,senkungA,senkungB,senkungC,mittelA,mittelB,mittelC,gesamtA,gesamtB,gesamtC,fftAnfangMedian,fftAnfangMittel,fftAnfangPSD,fftMitteMedian,fftMitteMittel,fftMittePSD,fftEndeMedian,fftEndeMittel,fftEndePSD,fftGesamtMedian,fftGesamtMittel,fftGesamtPSD,mittelwert,signalstärke,varianz,standardabweichung,energie,kurtosis,schiefe,zeroCrossings,laenge,maximalwert,minimalwert
Finger4,null,null,null,null,null,null,null,null,null,null,null,null,null,null,null,null,null,null,null,null,null,null,null,null,null,null,null,null,null,null,null,null,null,null,null,null,null,null,null,75.66982451335176,219.03479168608962,67.48608482996156,244.26930700365932,189.42936302751514,14.685019878643857,-2.304780802250775,189.42936302751514,14.685019878643857,-2.304780802250775,189.42936302751514,14.685019878643857,-2.304780802250775,189.42936302751514,14.685019878643857,-2.304780802250775,2.0,3.7492554369917808,1.7375417788846865E8,0.0,0.35539869286744796,2289915.7009126013,0.0,0.0,0.0,0.0,0.0,0.0,14.778898442500013,7170.317770834907,137430.2609505819,370.71587631308955,1361027.6746344753,-1.6456660390407574,-0.34230820418832225,2.0,40.0,368.89343,-587.73193,null,null,null,null,null,null,null,null,null,null,null,null,null,null,null,null,null,null,null,null,null,null,null,null,null,null,null,null,null,null,null,null,null,null,null,null,null,null,null
Finger4,null,null,null,null,null,null,null,null,null,null,null,null,null,null,null,null,null,null,null,null,null,null,null,null,null,null,null,null,null,null,null,null,null,null,null,null,null,null,null,19.12602589903897,255.7871762168692,73.03777927391673,270.83551337617786,31.256581052343336,23.021470149480592,-0.6064168837291142,31.256581052343336,23.021470149480592,-0.6064168837291142,31.256581052343336,23.021470149480592,-0.6064168837291142,31.256581052343336,23.021470149480592,-0.6064168837291142,4.0,5.185384382271182,2.915970971190978E7,0.0,0.0,0.0,0.0,0.0,0.0,0.0,0.0,0.0,213.4328507941176,6379.971373708742,130157.79535322943,360.7738839678247,1457483.9679354157,-1.6103466510142592,-0.25692737775369506,2.0,34.0,571.82007,-336.16333,null,null,null,null,null,null,null,null,null,null,null,null,null,null,null,null,null,null,null,null,null,null,null,null,null,null,null,null,null,null,null,null,null,null,null,null,null,null,null
Finger4,null,null,null,null,null,null,null,null,null,null,null,null,null,null,null,null,null,null,null,null,null,null,null,null,null,null,null,null,null,null,null,null,null,null,null,null,null,null,null,32.76080421321591,204.54955531634118,59.01485282652546,231.54452577946174,150.3220019607371,-3.0829214870439596,0.018444184969024793,150.3220019607371,-3.0829214870439596,0.018444184969024793,150.3220019607371,-3.0829214870439596,0.018444184969024793,150.3220019607371,-3.0829214870439596,0.018444184969024793,1.0,1.8119982578507425,2.3605008019897383E7,0.0,0.0,306352.51954726415,0.0,0.0,0.0,0.0,0.0,0.0,0.7574076849305583,8071.83574077465,22453.674371903468,149.84550167390233,806006.3582309076,2.8288478627083586,-0.7466077843861533,8.0,144.0,347.54333,-602.1332,null,null,null,null,null,null,null,null,null,null,null,null,null,null,null,null,null,null,null,null,null,null,null,null,null,null,null,null,null,null,null,null,null,null,null,null,null,null,null
Finger4,null,null,null,null,null,null,null,null,null,null,null,null,null,null,null,null,null,null,null,null,null,null,null,null,null,null,null,null,null,null,null,null,null,null,null,null,null,null,null,198.43184770500633,410.6332208989321,182.00755997168915,445.5670538870869,0.0,0.0,0.0,183.53265485496786,80.15517978355365,-7.126316205978341,183.53265485496786,80.15517978355365,-7.126316205978341,183.53265485496786,80.15517978355365,-7.126316205978341,1.0,1.1864647481851658,1613633.0511977011,0.0,NaN,0.0,0.0,0.0,0.0,0.0,0.0,0.0,475.26433107692316,4005.9230041811643,201996.2185505284,449.4398942578734,1360067.2197467738,-1.0612927320172583,-0.5341035904404043,1.0,13.0,1026.9196,-407.5653,null,null,null,null,null,null,null,null,null,null,null,null,null,null,null,null,null,null,null,null,null,null,null,null,null,null,null,null,null,null,null,null,null,null,null,null,null,null,null
Finger4,null,null,null,null,null,null,null,null,null,null,null,null,null,null,null,null,null,null,null,null,null,null,null,null,null,null,null,null,null,null,null,null,null,null,null,null,null,null,null,33.79203842731418,80.06122212557396,103.46803614208301,114.25227941835338,46.80977839730377,-0.04976897533398539,2.659850307919632E-5,46.80977839730377,-0.04976897533398539,2.659850307919632E-5,46.80977839730377,-0.04976897533398539,2.659850307919632E-5,46.80977839730377,-0.04976897533398539,2.659850307919632E-5,0.0,0.0,0.0,0.0,0.3498067062781013,527998.8484188875,0.0,0.0,0.0,0.0,0.0,0.0,0.0,0.0,0.0,0.0,0.0,0.0,0.0,0.0,0.0,0.0,0.0,null,null,null,null,null,null,null,null,null,null,null,null,null,null,null,null,null,null,null,null,null,null,null,null,null,null,null,null,null,null,null,null,null,null,null,null,null,null,null
Finger4,null,null,null,null,null,null,null,null,null,null,null,null,null,null,null,null,null,null,null,null,null,null,null,null,null,null,null,null,null,null,null,null,null,null,null,null,null,null,null,120.95335710236647,310.9788380557841,138.52809928016893,323.73981844958547,248.13044919853257,-5.025412077097265,0.027537578748401625,248.13044919853257,-5.025412077097265,0.027537578748401625,248.13044919853257,-5.025412077097265,0.027537578748401625,248.13044919853257,-5.025412077097265,0.027537578748401625,30.0,40.47779614662033,1.5622109489498284E9,0.0,0.0,1066802.5476665956,1.0,0.830742883592708,2.7804147055766027E7,0.0,0.0,0.0,-32.354521110941164,14692.36889417892,57439.82232178076,239.6660641846917,2471023.523631805,1.7180242383381366,-1.0657755555769224,21.0,170.0,569.10095,-778.1708,null,null,null,null,null,null,null,null,null,null,null,null,null,null,null,null,null,null,null,null,null,null,null,null,null,null,null,null,null,null,null,null,null,null,null,null,null,null,null
Finger4,null,null,null,null,null,null,null,null,null,null,null,null,null,null,null,null,null,null,null,null,null,null,null,null,null,null,null,null,null,null,null,null,null,null,null,null,null,null,null,43.557435641599696,167.2506191633557,58.917777776726666,142.07558210629216,67.30085021827097,-1.2460711103351763,0.010096190506388297,67.30085021827097,-1.2460711103351763,0.010096190506388297,67.30085021827097,-1.2460711103351763,0.010096190506388297,67.30085021827097,-1.2460711103351763,0.010096190506388297,28.0,37.06664749702604,4.5262994067843795E8,0.0,0.0,0.0,1.0,0.835785046404951,8049363.121587955,0.0,0.0,0.0,-6.84698024774567,10378.280179582247,23416.980205379452,153.02607688031296,1010320.8997306147,0.9123989155914773,-0.303892632723928,12.0,173.0,396.58813,-445.83435,null,null,null,null,null,null,null,null,null,null,null,null,null,null,null,null,null,null,null,null,null,null,null,null,null,null,null,null,null,null,null,null,null,null,null,null,null,null,null
Finger4,null,null,null,null,null,null,null,null,null,null,null,null,null,null,null,null,null,null,null,null,null,null,null,null,null,null,null,null,null,null,null,null,null,null,null,null,null,null,null,9.834177026797011,334.23330780574645,187.59801056997952,412.6612919247763,198.93048559729402,75.45180226334753,-8.175558735418399,198.93048559729402,75.45180226334753,-8.175558735418399,198.93048559729402,75.45180226334753,-8.175558735418399,198.93048559729402,75.45180226334753,-8.175558735418399,2.0,1.824356231531302,389094.03772575734,0.0,0.0,1828462.1482009601,1.0,0.866460052220284,2.9206395986497972E7,0.0,0.0,0.0,-374.9359115384616,3157.2237132732716,212246.3497412739,460.7020183820274,1015390.357386932,-1.343818424070413,0.3317850331260702,1.0,13.0,442.41028,-977.4719,null,null,null,null,null,null,null,null,null,null,null,null,null,null,null,null,null,null,null,null,null,null,null,null,null,null,null,null,null,null,null,null,null,null,null,null,null,null,null
Finger4,null,null,null,null,null,null,null,null,null,null,null,null,null,null,null,null,null,null,null,null,null,null,null,null,null,null,null,null,null,null,null,null,null,null,null,null,null,null,null,44.10657843787455,323.0189807219719,221.4940875848458,367.71898975176845,271.1427107998319,-7.804005365644905,0.06421091996145872,271.1427107998319,-7.804005365644905,0.06421091996145872,271.1427107998319,-7.804005365644905,0.06421091996145872,271.1427107998319,-7.804005365644905,0.06421091996145872,13.0,18.021543021110855,1.2637865607114859E9,0.0,0.0,1241291.6732092903,0.0,0.0,0.0,0.0,0.0,0.0,-46.19380503174605,14522.286946380043,98088.44234137968,313.1907443418143,3060443.0047072,2.045579149786943,-1.510554320910675,11.0,126.0,429.9225,-1101.1414,null,null,null,null,null,null,null,null,null,null,null,null,null,null,null,null,null,null,null,null,null,null,null,null,null,null,null,null,null,null,null,null,null,null,null,null,null,null,null
Finger4,null,null,null,null,null,null,null,null,null,null,null,null,null,null,null,null,null,null,null,null,null,null,null,null,null,null,null,null,null,null,null,null,null,null,null,null,null,null,null,60.92658902809652,234.09291728869653,86.55431272078594,259.2351052417446,145.60875047078207,-4.289551020054091,0.09880737048716925,145.60875047078207,-4.289551020054091,0.09880737048716925,145.60875047078207,-4.289551020054091,0.09880737048716925,145.60875047078207,-4.289551020054091,0.09880737048716925,6.0,8.291905095039391,2.6637952375226843E8,0.0,0.35621250614079775,2748687.4368071146,1.0,0.8440234604183023,1.6894448924248386E7,0.0,0.0,0.0,20.667521492592645,6767.554399475551,75437.0375316404,274.65803744227185,1016778.466712053,-0.4888103864324074,-0.827991446414496,4.0,54.0,352.0752,-602.93884,null,null,null,null,null,null,null,null,null,null,null,null,null,null,null,null,null,null,null,null,null,null,null,null,null,null,null,null,null,null,null,null,null,null,null,null,null,null,null
Finger4,null,null,null,null,null,null,null,null,null,null,null,null,null,null,null,null,null,null,null,null,null,null,null,null,null,null,null,null,null,null,null,null,null,null,null,null,null,null,null,30.37674680389264,332.45880212843696,117.41164370229677,368.9432762919753,340.83291202251684,-88.0087072377429,4.783681249954213,340.83291202251684,-88.0087072377429,4.783681249954213,340.83291202251684,-88.0087072377429,4.783681249954213,340.83291202251684,-88.0087072377429,4.783681249954213,1.0,1.062343666823103,35225.0345760764,0.0,NaN,0.0,0.0,0.0,0.0,0.0,0.0,0.0,-347.786710475,2660.7785603649477,146206.14040550202,382.3691153917926,754119.0221583481,-1.7012668088454452,-0.03923892761125821,1.0,12.0,207.35779,-881.19507,null,null,null,null,null,null,null,null,null,null,null,null,null,null,null,null,null,null,null,null,null,null,null,null,null,null,null,null,null,null,null,null,null,null,null,null,null,null,null
Finger4,null,null,null,null,null,null,null,null,null,null,null,null,null,null,null,null,null,null,null,null,null,null,null,null,null,null,null,null,null,null,null,null,null,null,null,null,null,null,null,122.78067146741986,318.98746907845504,88.02666799179025,354.9747180311102,97.90497205306997,-0.9431200337030532,0.1935570225878802,97.90497205306997,-0.9431200337030532,0.1935570225878802,97.90497205306997,-0.9431200337030532,0.1935570225878802,97.90497205306997,-0.9431200337030532,0.1935570225878802,4.0,4.516672621430294,2.1083921718336612E7,0.0,0.35405707261481734,5699812.790313975,0.0,0.0,0.0,0.0,0.0,0.0,226.01674455555553,5816.348580441961,92063.5784243922,303.4198055901958,1301418.963617039,-0.659528047328978,0.31841858689353,2.0,36.0,825.70496,-298.69995,null,null,null,null,null,null,null,null,null,null,null,null,null,null,null,null,null,null,null,null,null,null,null,null,null,null,null,null,null,null,null,null,null,null,null,null,null,null,null
Finger4,null,null,null,null,null,null,null,null,null,null,null,null,null,null,null,null,null,null,null,null,null,null,null,null,null,null,null,null,null,null,null,null,null,null,null,null,null,null,null,33.03134371817923,231.93169803372075,126.3447023842382,248.43490680347324,221.02441505115382,-4.470599217058492,0.025860263669676642,232.97299773376756,-5.015012968886616,0.02970318666395122,221.02441505115382,-4.470599217058492,0.025860263669676642,221.02441505115382,-4.470599217058492,0.025860263669676642,29.0,36.4003716001004,2.1749903692227182E9,0.0,0.3567276174646729,2399673.957212545,0.0,0.0,0.0,0.0,0.0,0.0,-10.455728876500004,17617.233434918286,77832.23941192371,278.98429957960667,3479881.2499421937,2.27299065752399,-1.1683662889711992,18.0,180.0,600.824,-1012.619,51.82077820300655,277.36397595042797,142.57211515770388,329.18050572338973,242.5030235105486,6.334502212058567,-0.9589782245872307,242.5030235105486,6.334502212058567,-0.9589782245872307,242.5030235105486,6.334502212058567,-0.9589782245872307,242.5030235105486,6.334502212058567,-0.9589782245872307,1.0,1.237310411717391,166156.68888123037,0.0,0.3566126102767965,4588433.2737987805,0.0,0.0,0.0,0.0,0.0,0.0,-211.79901090000004,3684.939678196642,139065.92508671177,372.9154395928275,875174.9820005968,-1.5406219593782602,-0.11454091118253536,2.0,20.0,316.62598,-797.90955
Finger4,null,null,null,null,null,null,null,null,null,null,null,null,null,null,null,null,null,null,null,null,null,null,null,null,null,null,null,null,null,null,null,null,null,null,null,null,null,null,null,27.16225848935214,203.6184979489296,47.664941111917024,220.93437925288455,79.43584171468956,-7.211665668294529,0.6039063006570871,79.43584171468956,-7.211665668294529,0.6039063006570871,79.43584171468956,-7.211665668294529,0.6039063006570871,79.43584171468956,-7.211665668294529,0.6039063006570871,5.0,5.463869705921196,1.4383474425359474E7,0.0,0.3579754061999447,1798815.4123070752,0.0,0.0,0.0,0.0,0.0,0.0,-131.16730528064517,3442.0087546465866,48902.8372714653,221.1398590744448,502664.5182443141,-0.8734712691221884,-0.1431759103169051,3.0,31.0,266.87622,-554.8004,null,null,null,null,null,null,null,null,null,null,null,null,null,null,null,null,null,null,null,null,null,null,null,null,null,null,null,null,null,null,null,null,null,null,null,null,null,null,null
Finger4,null,null,null,null,null,null,null,null,null,null,null,null,null,null,null,null,null,null,null,null,null,null,null,null,null,null,null,null,null,null,null,null,null,null,null,null,null,null,null,70.60315519961124,281.91722196880414,101.49404684177883,339.34720728819843,208.32541432822018,-7.946753802000416,0.18003211690331655,208.32541432822018,-7.946753802000416,0.18003211690331655,208.32541432822018,-7.946753802000416,0.18003211690331655,0.0,0.0,0.0,7.0,9.788009614436842,5.530624627815916E7,0.0,0.35392748582810046,5589133.894539259,0.0,0.0,0.0,0.0,0.0,0.0,-85.07456952941179,8220.363653346729,128861.00792391486,358.97215480300815,1707430.4263020188,-1.1967384149076354,-0.3419103212327132,5.0,51.0,461.4441,-751.181,null,null,null,null,null,null,null,null,null,null,null,null,null,null,null,null,null,null,null,null,null,null,null,null,null,null,null,null,null,null,null,null,null,null,null,null,null,null,null
Finger4,null,null,null,null,null,null,null,null,null,null,null,null,null,null,null,null,null,null,null,null,null,null,null,null,null,null,null,null,null,null,null,null,null,null,null,null,null,null,null,184.56117942711026,340.6550776581478,164.67614822007704,376.4491503651775,183.14787578301502,62.46537436955657,-5.411666369637032,183.14787578301502,62.46537436955657,-5.411666369637032,183.14787578301502,62.46537436955657,-5.411666369637032,183.14787578301502,62.46537436955657,-5.411666369637032,1.0,1.0539083897333297,1421834.7021955056,0.0,0.0,1817312.5685445697,1.0,0.8456538074028049,3.701487342873362E7,0.0,0.0,0.0,369.62937153846156,3735.6384475720124,208928.65558740674,457.0871422249884,1138368.9156344603,-1.601754458207427,-0.5160376044117658,1.0,13.0,843.12744,-335.15625,null,null,null,null,null,null,null,null,null,null,null,null,null,null,null,null,null,null,null,null,null,null,null,null,null,null,null,null,null,null,null,null,null,null,null,null,null,null,null
Finger4,null,null,null,null,null,null,null,null,null,null,null,null,null,null,null,null,null,null,null,null,null,null,null,null,null,null,null,null,null,null,null,null,null,null,null,null,null,null,null,58.76721636676511,228.77478106186618,143.34709390500947,276.75701857843933,152.96250464482023,44.54524260195541,-4.335489281373924,152.96250464482023,44.54524260195541,-4.335489281373924,152.96250464482023,44.54524260195541,-4.335489281373924,152.96250464482023,44.54524260195541,-4.335489281373924,0.0,0.0,0.0,0.0,0.35508590691190184,3360485.7525451276,0.0,0.0,0.0,0.0,0.0,0.0,-357.2688569285714,2644.326421889803,52220.26269834957,228.51753258415332,595326.217495406,-0.8986877756336638,0.5138146576074496,1.0,14.0,117.82837,-633.15125,null,null,null,null,null,null,null,null,null,null,null,null,null,null,null,null,null,null,null,null,null,null,null,null,null,null,null,null,null,null,null,null,null,null,null,null,null,null,null
Finger4,null,null,null,null,null,null,null,null,null,null,null,null,null,null,null,null,null,null,null,null,null,null,null,null,null,null,null,null,null,null,null,null,null,null,null,null,null,null,null,61.934941524737354,185.19140090205664,97.43887092777429,239.54291369341038,255.16389607689962,3.9252156267798455,-6.020067252687113,255.16389607689962,3.9252156267798455,-6.020067252687113,255.16389607689962,3.9252156267798455,-6.020067252687113,255.16389607689962,3.9252156267798455,-6.020067252687113,0.0,0.0,0.0,0.0,0.3354833180507412,4821071.993537296,1.0,0.841467564055485,1.1528125528158959E7,12.0,16.6808917828796,3.0643886727230614E8,-54.8252344117347,6886.953021955578,30473.989045971342,174.56800693704258,817738.8962747812,0.7268591190907236,-0.7719578495857817,11.0,98.0,255.39551,-570.9137,null,null,null,null,null,null,null,null,null,null,null,null,null,null,null,null,null,null,null,null,null,null,null,null,null,null,null,null,null,null,null,null,null,null,null,null,null,null,null
Finger4,null,null,null,null,null,null,null,null,null,null,null,null,null,null,null,null,null,null,null,null,null,null,null,null,null,null,null,null,null,null,null,null,null,null,null,null,null,null,null,67.76450163835374,124.50211260075007,58.99240824849345,139.01122047184379,26.858710754618414,-0.04811383172946959,7.902969930802988E-5,0.0,0.0,0.0,26.858710754618414,-0.04811383172946959,7.902969930802988E-5,26.858710754618414,-0.04811383172946959,7.902969930802988E-5,0.0,0.0,0.0,0.0,0.3631800130484839,348076.38010457135,18.0,21.171179672502888,8.249047520611934E7,0.0,0.0,0.0,0.0,0.0,0.0,0.0,0.0,0.0,0.0,0.0,0.0,0.0,0.0,null,null,null,null,null,null,null,null,null,null,null,null,null,null,null,null,null,null,null,null,null,null,null,null,null,null,null,null,null,null,null,null,null,null,null,null,null,null,null
Finger4,null,null,null,null,null,null,null,null,null,null,null,null,null,null,null,null,null,null,null,null,null,null,null,null,null,null,null,null,null,null,null,null,null,null,null,null,null,null,null,123.23349779617432,266.3431424324742,143.11548376318373,310.2243382387164,244.35921805636713,-5.551513140646819,0.034822875322925606,244.35921805636713,-5.551513140646819,0.034822875322925606,244.35921805636713,-5.551513140646819,0.034822875322925606,244.35921805636713,-5.551513140646819,0.034822875322925606,25.0,34.168098503526274,7.605470439097058E8,0.0,0.35658022128822253,4072691.768862352,0.0,0.0,0.0,0.0,0.0,0.0,-45.884364568789806,14872.571139273226,62343.37198168101,249.6865474583703,2552181.931040385,1.222276842739828,-1.28127377238272,14.0,157.0,426.4984,-789.8529,null,null,null,null,null,null,null,null,null,null,null,null,null,null,null,null,null,null,null,null,null,null,null,null,null,null,null,null,null,null,null,null,null,null,null,null,null,null,null
Finger4,null,null,null,null,null,null,null,null,null,null,null,null,null,null,null,null,null,null,null,null,null,null,null,null,null,null,null,null,null,null,null,null,null,null,null,null,null,null,null,108.43729091313108,356.3980099595592,183.21779357554908,423.01793896661655,430.273015936621,-11.5693359375,-11.5693359375,430.273015936621,-11.5693359375,-11.5693359375,430.273015936621,-11.5693359375,-11.5693359375,430.273015936621,-11.5693359375,-11.5693359375,3.0,2.3049798084684414,178980.9644073282,0.0,0.0,2077731.1114956902,1.0,1.9379145773297648,2.4937981706305295E7,0.0,0.0,0.0,-228.08125572222227,4616.626857278411,267962.6926448538,517.6511302458962,1371209.9943186573,-1.636650259359092,-0.010950720020448316,2.0,18.0,500.21667,-951.38855,null,null,null,null,null,null,null,null,null,null,null,null,null,null,null,null,null,null,null,null,null,null,null,null,null,null,null,null,null,null,null,null,null,null,null,null,null,null,null
Finger4,null,null,null,null,null,null,null,null,null,null,null,null,null,null,null,null,null,null,null,null,null,null,null,null,null,null,null,null,null,null,null,null,null,null,null,null,null,null,null,82.32282381171176,284.1652790463245,54.844124139576145,333.3816775946856,43.52198269282326,76.76349213713615,-5.625177794158958,43.52198269282326,76.76349213713615,-5.625177794158958,292.19045640388293,-85.5702370030632,8.420442754361048,43.52198269282326,76.76349213713615,-5.625177794158958,1.0,1.3360960145792542,1045663.4714528706,0.0,0.0,1233449.9075424098,0.0,0.0,0.0,0.0,0.0,0.0,332.920529804,3003.44095415553,90678.90189150714,301.12937733058715,746802.1902720218,-1.6927723651226334,0.03838148448501621,2.0,15.0,766.28723,-53.274536,null,null,null,null,null,null,null,null,null,null,null,null,null,null,null,null,null,null,null,null,null,null,null,null,null,null,null,null,null,null,null,null,null,null,null,null,null,null,null
Finger4,null,null,null,null,null,null,null,null,null,null,null,null,null,null,null,null,null,null,null,null,null,null,null,null,null,null,null,null,null,null,null,null,null,null,null,null,null,null,null,62.77504231957931,260.88079523791856,89.50370922233787,275.5569773271491,90.71147110110417,29.66910644850327,-1.2647292316451058,295.54400158942644,-4.239696510540838,0.02095726058257827,0.0,0.0,0.0,295.54400158942644,-4.239696510540838,0.02095726058257827,23.0,36.38657690534574,8.644542617018806E9,0.0,0.3592008942246128,3042606.8803779795,1.0,0.836806458135971,2.106355780710228E7,0.0,0.0,0.0,-3.459215846562509,28064.140559563515,144102.90324519292,379.60888193664925,6894714.606626517,0.9617843780970703,-0.4228636744510774,19.0,192.0,1053.2043,-1191.4764,null,null,null,null,null,null,null,null,null,null,null,null,null,null,null,null,null,null,null,null,null,null,null,null,null,null,null,null,null,null,null,null,null,null,null,null,null,null,null
Finger4,null,null,null,null,null,null,null,null,null,null,null,null,null,null,null,null,null,null,null,null,null,null,null,null,null,null,null,null,null,null,null,null,null,null,null,null,null,null,null,177.5699875931688,548.7340821155229,181.4150145561986,604.9311890044379,631.123340828986,-9.78177261352539,-9.781776428222656,631.123340828986,-9.78177261352539,-9.781776428222656,631.123340828986,-9.78177261352539,-9.781776428222656,631.123340828986,-9.78177261352539,-9.781776428222656,3.0,4.130165801396535,2.994252355232825E8,0.0,0.0,0.0,1.0,0.8452964515644098,9.307739431521045E7,0.0,0.0,0.0,25.160893720000033,9526.944267122904,677590.2506170545,823.158703177616,4164776.755024853,-1.3071485394113438,0.3265341313433373,1.0,25.0,1413.4369,-1080.3955,null,null,null,null,null,null,null,null,null,null,null,null,null,null,null,null,null,null,null,null,null,null,null,null,null,null,null,null,null,null,null,null,null,null,null,null,null,null,null
Finger4,null,null,null,null,null,null,null,null,null,null,null,null,null,null,null,null,null,null,null,null,null,null,null,null,null,null,null,null,null,null,null,null,null,null,null,null,null,null,null,61.84916524716823,226.14308417257052,46.881016507774596,211.00395673006457,213.69553524405524,-2.944164745795554,0.019743705942589396,213.69553524405524,-2.944164745795554,0.019743705942589396,213.69553524405524,-2.944164745795554,0.019743705942589396,213.69553524405524,-2.944164745795554,0.019743705942589396,14.0,18.947182823004045,7.763622025467209E8,0.0,0.0,0.0,0.0,0.0,0.0,0.0,0.0,0.0,-15.278635801438847,18950.609252008377,108975.46513257312,330.1143213078965,3773582.7208361635,1.6139789727675193,-1.2043823733655357,10.0,139.0,628.9215,-1212.1216,null,null,null,null,null,null,null,null,null,null,null,null,null,null,null,null,null,null,null,null,null,null,null,null,null,null,null,null,null,null,null,null,null,null,null,null,null,null,null
Finger4,null,null,null,null,null,null,null,null,null,null,null,null,null,null,null,null,null,null,null,null,null,null,null,null,null,null,null,null,null,null,null,null,null,null,null,null,null,null,null,103.26450858966692,332.7768439994604,144.71114888266536,347.8316729674588,206.1419396170138,23.344265003077567,-1.792397672018538,206.1419396170138,23.344265003077567,-1.792397672018538,206.1419396170138,23.344265003077567,-1.792397672018538,206.1419396170138,23.344265003077567,-1.792397672018538,0.0,0.9257493512443558,295638.57257527113,0.0,0.0,0.0,2.0,2.1678075439179816,1.923664079865853E7,0.0,0.0,0.0,-199.24519805555553,4082.797616085462,196911.45181679854,443.7470583753751,1038647.2764544424,-1.2817146343188932,0.12585701310435893,2.0,18.0,507.87048,-894.99207,null,null,null,null,null,null,null,null,null,null,null,null,null,null,null,null,null,null,null,null,null,null,null,null,null,null,null,null,null,null,null,null,null,null,null,null,null,null,null
Finger4,null,null,null,null,null,null,null,null,null,null,null,null,null,null,null,null,null,null,null,null,null,null,null,null,null,null,null,null,null,null,null,null,null,null,null,null,null,null,null,107.84129764618028,434.3313954176989,188.08806373723175,477.678155047892,451.04118936305997,-120.42472891127295,9.686379453869279,451.04118936305997,-120.42472891127295,9.686379453869279,451.04118936305997,-120.42472891127295,9.686379453869279,451.04118936305997,-120.42472891127295,9.686379453869279,2.0,1.855519979420543,173616.87204869202,0.0,0.0,2388462.37531801,1.0,0.8289150421738566,5.1432001920757145E7,0.0,0.0,0.0,-525.029576076923,4118.371820184814,223246.43173680737,472.489610189269,1555741.8514437934,-1.5674449909290258,0.25748665239840923,1.0,13.0,237.87231,-1103.3569,null,null,null,null,null,null,null,null,null,null,null,null,null,null,null,null,null,null,null,null,null,null,null,null,null,null,null,null,null,null,null,null,null,null,null,null,null,null,null
Finger4,null,null,null,null,null,null,null,null,null,null,null,null,null,null,null,null,null,null,null,null,null,null,null,null,null,null,null,null,null,null,null,null,null,null,null,null,null,null,null,85.37816760502201,277.04105164700974,101.17013179983248,321.4285518279118,103.53113095175786,2.724208197525712,-0.015247234453374947,103.53113095175786,2.724208197525712,-0.015247234453374947,103.53113095175786,2.724208197525712,-0.015247234453374947,103.53113095175786,2.724208197525712,-0.015247234453374947,7.0,9.11397037074676,1.2333681573518585E8,0.0,0.33378108711331844,9169189.749835158,0.0,0.0,0.0,0.0,0.0,0.0,72.93777397361106,12559.655525576443,143415.05516658534,378.70180243376893,2666090.428844678,-1.1150474584850605,-0.1395158975316935,6.0,72.0,720.9686,-685.7208,null,null,null,null,null,null,null,null,null,null,null,null,null,null,null,null,null,null,null,null,null,null,null,null,null,null,null,null,null,null,null,null,null,null,null,null,null,null,null
Finger4,null,null,null,null,null,null,null,null,null,null,null,null,null,null,null,null,null,null,null,null,null,null,null,null,null,null,null,null,null,null,null,null,null,null,null,null,null,null,null,52.41448785590907,206.64159908812306,92.41244333309712,238.58055274293392,103.20282065921754,46.17361114310796,-4.059872947232009,103.20282065921754,46.17361114310796,-4.059872947232009,103.20282065921754,46.17361114310796,-4.059872947232009,103.20282065921754,46.17361114310796,-4.059872947232009,3.0,2.3265584826395336,55517.266795814445,0.0,0.35354842322919755,2667762.676910449,0.0,0.0,0.0,0.0,0.0,0.0,-280.42864085714285,2321.6021605008896,51941.25012004507,227.90623098117584,446562.6713598245,-1.5310434438543357,0.42534943999360625,1.0,14.0,69.992065,-528.2135,null,null,null,null,null,null,null,null,null,null,null,null,null,null,null,null,null,null,null,null,null,null,null,null,null,null,null,null,null,null,null,null,null,null,null,null,null,null,null
Finger4,null,null,null,null,null,null,null,null,null,null,null,null,null,null,null,null,null,null,null,null,null,null,null,null,null,null,null,null,null,null,null,null,null,null,null,null,null,null,null,69.93401448101129,223.8645963168367,52.93159097567588,238.022225921954,227.30925745003867,-45.00955538500159,2.537270498707798,227.30925745003867,-45.00955538500159,2.537270498707798,227.30925745003867,-45.00955538500159,2.537270498707798,227.30925745003867,-45.00955538500159,2.537270498707798,7.0,10.409033315415225,1.1799850924777357E7,0.0,0.35366956100597224,2223239.6012423206,1.0,0.8374957034657843,1.5082881718970064E7,0.0,0.0,0.0,-70.28320208727273,4663.009854932257,41124.94009877336,202.79285021610934,639398.7099790165,0.35272144669357486,-0.6879933141794009,6.0,55.0,274.83215,-569.9066,60.36216162164284,218.74056001593934,84.42348728766103,248.87532332833308,266.9561698545215,7.919804536432821,-8.534884816455133,0.0,0.0,0.0,266.9561698545215,7.919804536432821,-8.534884816455133,266.9561698545215,7.919804536432821,-8.534884816455133,3.0,2.00346746478022,24988.17560497274,0.0,0.35366873745505023,2609653.7974427897,1.0,0.8419521546439634,1.434374267554888E7,0.0,0.0,0.0,-280.5868982785715,2404.610024462445,63934.503533382216,252.8527309193678,485409.4075373348,-1.4122577441560318,0.3605317472756537,1.0,14.0,168.08167,-575.54626
Finger4,null,null,null,null,null,null,null,null,null,null,null,null,null,null,null,null,null,null,null,null,null,null,null,null,null,null,null,null,null,null,null,null,null,null,null,null,null,null,null,35.81301224090043,219.67007377510262,110.47157958800933,238.80077543470603,104.44003116078261,3.7658007821325583,-0.03710545170603152,104.44003116078261,3.7658007821325583,-0.03710545170603152,104.44003116078261,3.7658007821325583,-0.03710545170603152,104.44003116078261,3.7658007821325583,-0.03710545170603152,14.0,18.979428600598464,2.002776715446252E9,0.0,0.0,406382.8923356224,0.0,0.0,0.0,0.0,0.0,0.0,-13.36705091057692,17318.55307657982,155160.2535680896,393.90386335765936,3991433.081283463,0.2550152327328137,-0.5939467532336119,10.0,104.0,660.94666,-1098.9258,null,null,null,null,null,null,null,null,null,null,null,null,null,null,null,null,null,null,null,null,null,null,null,null,null,null,null,null,null,null,null,null,null,null,null,null,null,null,null
Finger4,null,null,null,null,null,null,null,null,null,null,null,null,null,null,null,null,null,null,null,null,null,null,null,null,null,null,null,null,null,null,null,null,null,null,null,null,null,null,null,75.05987823172246,268.1291334722276,93.50851346763491,331.47978529537744,334.9812831754698,-12.082420349121094,-12.082420349121094,334.9812831754698,-12.082420349121094,-12.082420349121094,334.9812831754698,-12.082420349121094,-12.082420349121094,334.9812831754698,-12.082420349121094,-12.082420349121094,1.0,1.9415550910224815,1.7621261933314364E7,0.0,0.0,1429472.3920697025,0.0,0.0,0.0,0.0,0.0,0.0,84.69963020833332,4224.784441387952,147712.0894838088,384.33330519720613,903070.0693240975,-1.3821831289521265,0.4726208255596902,2.0,24.0,736.37695,-355.8014,null,null,null,null,null,null,null,null,null,null,null,null,null,null,null,null,null,null,null,null,null,null,null,null,null,null,null,null,null,null,null,null,null,null,null,null,null,null,null
Finger4,null,null,null,null,null,null,null,null,null,null,null,null,null,null,null,null,null,null,null,null,null,null,null,null,null,null,null,null,null,null,null,null,null,null,null,null,null,null,null,10.452695516507838,221.04159979197078,106.92733107300712,279.9248517430834,124.89003746590822,53.40404238344183,-5.619630230292863,124.89003746590822,53.40404238344183,-5.619630230292863,124.89003746590822,53.40404238344183,-5.619630230292863,124.89003746590822,53.40404238344183,-5.619630230292863,3.0,2.1374332670357603,78412.90805729668,0.0,0.0,835627.4042624966,1.0,0.86271343669821,1.3968563780078648E7,0.0,0.0,0.0,263.1035432307692,2136.3261445237977,83903.00159305871,289.66014843788696,460482.4130853943,-1.5195047586497321,-0.13374608938381016,1.0,13.0,658.6304,-194.66858,null,null,null,null,null,null,null,null,null,null,null,null,null,null,null,null,null,null,null,null,null,null,null,null,null,null,null,null,null,null,null,null,null,null,null,null,null,null,null
Finger4,null,null,null,null,null,null,null,null,null,null,null,null,null,null,null,null,null,null,null,null,null,null,null,null,null,null,null,null,null,null,null,null,null,null,null,null,null,null,null,30.1087385021435,173.00763507126882,96.65056947903747,220.71959290159313,133.93999353661343,28.53425280190686,-3.4434847340699832,133.93999353661343,28.53425280190686,-3.4434847340699832,231.35143989478036,4.671983602704131,-8.348113616823866,133.93999353661343,28.53425280190686,-3.4434847340699832,0.0,0.0,0.0,0.0,0.0,0.0,3.0,3.062226436831188,2756599.2149444427,0.0,0.0,0.0,-65.88821615000003,3218.949204525114,117307.49919840612,342.5018236424532,575503.7372726086,-1.4293937054492538,0.2902232779813293,2.0,20.0,484.3048,-513.91296,null,null,null,null,null,null,null,null,null,null,null,null,null,null,null,null,null,null,null,null,null,null,null,null,null,null,null,null,null,null,null,null,null,null,null,null,null,null,null
Finger4,null,null,null,null,null,null,null,null,null,null,null,null,null,null,null,null,null,null,null,null,null,null,null,null,null,null,null,null,null,null,null,null,null,null,null,null,null,null,null,99.3836810646146,376.31802208754834,227.04761719848582,412.16760916677583,198.8981381263627,66.07021481744107,-5.473552514260774,198.8981381263627,66.07021481744107,-5.473552514260774,198.8981381263627,66.07021481744107,-5.473552514260774,198.8981381263627,66.07021481744107,-5.473552514260774,1.0,0.9754670048371203,5755791.697937753,0.0,0.0,1681212.0141633602,0.0,0.0,0.0,0.0,0.0,0.0,478.4973162466667,4365.188827741067,181729.5196036504,426.29745437153434,1438905.095868293,-0.7011262680731161,-0.782402029322107,1.0,15.0,987.3413,-415.0177,null,null,null,null,null,null,null,null,null,null,null,null,null,null,null,null,null,null,null,null,null,null,null,null,null,null,null,null,null,null,null,null,null,null,null,null,null,null,null
Finger4,null,null,null,null,null,null,null,null,null,null,null,null,null,null,null,null,null,null,null,null,null,null,null,null,null,null,null,null,null,null,null,null,null,null,null,null,null,null,null,118.42812794260324,297.10526331424893,151.40582652200956,344.1669947954836,171.62434051091736,57.9979231514875,-5.538286214031743,171.62434051091736,57.9979231514875,-5.538286214031743,171.62434051091736,57.9979231514875,-5.538286214031743,171.62434051091736,57.9979231514875,-5.538286214031743,1.0,1.1797803702061787,676869.0426955665,0.0,0.0,1615275.8758998017,0.0,0.0,0.0,0.0,0.0,0.0,-339.9592486923077,3155.068395053538,160434.1206945143,400.54228327919924,847599.2437420951,-1.3857884198165102,0.5602602377488684,1.0,13.0,366.77856,-737.68616,null,null,null,null,null,null,null,null,null,null,null,null,null,null,null,null,null,null,null,null,null,null,null,null,null,null,null,null,null,null,null,null,null,null,null,null,null,null,null
Finger4,null,null,null,null,null,null,null,null,null,null,null,null,null,null,null,null,null,null,null,null,null,null,null,null,null,null,null,null,null,null,null,null,null,null,null,null,null,null,null,78.98234079579399,307.3466098704215,79.21054463341967,317.57206710249085,36.010021548805526,76.1913925206037,-5.382786798613047,36.010021548805526,76.1913925206037,-5.382786798613047,36.010021548805526,76.1913925206037,-5.382786798613047,36.010021548805526,76.1913925206037,-5.382786798613047,0.0,0.0,0.0,0.0,0.0,0.0,0.0,0.0,0.0,0.0,0.0,0.0,-355.841675,3076.7179376633344,79378.5412938057,281.74197644973975,762165.9147022985,-1.4584179332642881,0.04144584708949215,1.0,15.0,77.74658,-750.8789,null,null,null,null,null,null,null,null,null,null,null,null,null,null,null,null,null,null,null,null,null,null,null,null,null,null,null,null,null,null,null,null,null,null,null,null,null,null,null
Finger4,null,null,null,null,null,null,null,null,null,null,null,null,null,null,null,null,null,null,null,null,null,null,null,null,null,null,null,null,null,null,null,null,null,null,null,null,null,null,null,75.22399781439515,299.8059026750007,81.99627442532642,350.34841363589163,161.85488298066548,-2.9598193385038343,0.03154051443987049,161.85488298066548,-2.9598193385038343,0.03154051443987049,161.85488298066548,-2.9598193385038343,0.03154051443987049,161.85488298066548,-2.9598193385038343,0.03154051443987049,15.0,19.083418919173507,4.940310080306496E8,0.0,0.3573022311494574,5381630.993538385,1.0,0.8314007970016266,2.9049159535335246E7,0.0,0.0,0.0,-1.59118620319999,17581.696414243655,106184.23861400902,325.8592312855492,3302827.5051166047,-0.3069169336819422,-0.07436925628641089,9.0,125.0,763.4674,-825.80566,null,null,null,null,null,null,null,null,null,null,null,null,null,null,null,null,null,null,null,null,null,null,null,null,null,null,null,null,null,null,null,null,null,null,null,null,null,null,null
Finger4,null,null,null,null,null,null,null,null,null,null,null,null,null,null,null,null,null,null,null,null,null,null,null,null,null,null,null,null,null,null,null,null,null,null,null,null,null,null,null,24.531879349199375,206.30452841284867,61.952011381311664,234.26064125177723,0.0,0.0,0.0,254.70058192221438,16.66834597658908,-6.687752344617479,0.0,0.0,0.0,254.70058192221438,16.66834597658908,-6.687752344617479,61.0,80.84974851143778,1.2610162306130371E10,0.0,0.3336252371200202,4380434.496488182,0.0,0.0,0.0,0.0,0.0,0.0,0.0,0.0,0.0,0.0,0.0,0.0,0.0,0.0,0.0,0.0,0.0,null,null,null,null,null,null,null,null,null,null,null,null,null,null,null,null,null,null,null,null,null,null,null,null,null,null,null,null,null,null,null,null,null,null,null,null,null,null,null
Finger4,null,null,null,null,null,null,null,null,null,null,null,null,null,null,null,null,null,null,null,null,null,null,null,null,null,null,null,null,null,null,null,null,null,null,null,null,null,null,null,47.86224299697415,231.70393085568898,60.92589415217283,268.74755899216063,59.693701718023476,62.88224610841348,-5.140953034191753,59.693701718023476,62.88224610841348,-5.140953034191753,59.693701718023476,62.88224610841348,-5.140953034191753,59.693701718023476,62.88224610841348,-5.140953034191753,0.0,0.0,0.0,0.0,0.0,763074.3503932127,0.0,0.0,0.0,0.0,0.0,0.0,282.2557702214286,2347.555685511837,59597.78034786737,244.1265662476482,479741.3725297851,-1.617936265641872,-0.0668247962035037,1.0,14.0,617.8436,-81.87561,null,null,null,null,null,null,null,null,null,null,null,null,null,null,null,null,null,null,null,null,null,null,null,null,null,null,null,null,null,null,null,null,null,null,null,null,null,null,null
Finger4,null,null,null,null,null,null,null,null,null,null,null,null,null,null,null,null,null,null,null,null,null,null,null,null,null,null,null,null,null,null,null,null,null,null,null,null,null,null,null,159.19129418790857,358.71996519584326,163.4270423398056,431.2446174926928,367.78574087922425,-100.53158267597041,11.369786637291185,367.78574087922425,-100.53158267597041,11.369786637291185,367.78574087922425,-100.53158267597041,11.369786637291185,367.78574087922425,-100.53158267597041,11.369786637291185,1.0,1.0359399828790588,1303411.6633757232,0.0,0.0,2235056.0363077447,1.0,0.8260795242562774,3.698263810159824E7,0.0,0.0,0.0,-466.31404164285726,4027.2471452584996,170709.11736656033,413.169598792748,1321930.9600917248,-1.1660720231591755,0.4610680185369188,1.0,14.0,302.32544,-965.4877,null,null,null,null,null,null,null,null,null,null,null,null,null,null,null,null,null,null,null,null,null,null,null,null,null,null,null,null,null,null,null,null,null,null,null,null,null,null,null
Finger4,null,null,null,null,null,null,null,null,null,null,null,null,null,null,null,null,null,null,null,null,null,null,null,null,null,null,null,null,null,null,null,null,null,null,null,null,null,null,null,60.233235066210284,237.39134673264104,99.30429301312657,285.61682124604863,44.82217800084891,42.5351901620441,-2.431983331470086,44.82217800084891,42.5351901620441,-2.431983331470086,44.82217800084891,42.5351901620441,-2.431983331470086,44.82217800084891,42.5351901620441,-2.431983331470086,1.0,1.8552299270763473,5811003.345554293,0.0,0.0,659030.9949164175,0.0,0.0,0.0,3.0,4.484608611881803,3.836376658986111E7,132.1904511111111,2973.593052582164,119066.71272539334,345.06044792962484,587954.2221718297,-1.4606101624807932,0.2719352787706472,2.0,18.0,705.2582,-319.14368,null,null,null,null,null,null,null,null,null,null,null,null,null,null,null,null,null,null,null,null,null,null,null,null,null,null,null,null,null,null,null,null,null,null,null,null,null,null,null
Finger4,null,null,null,null,null,null,null,null,null,null,null,null,null,null,null,null,null,null,null,null,null,null,null,null,null,null,null,null,null,null,null,null,null,null,null,null,null,null,null,41.155427163648994,168.3038275545505,89.18536661982444,214.218619235173,169.46243243688133,-35.366627184848085,1.8707328610294667,169.46243243688133,-35.366627184848085,1.8707328610294667,169.46243243688133,-35.366627184848085,1.8707328610294667,169.46243243688133,-35.366627184848085,1.8707328610294667,9.0,15.802197490761008,2.7867236661140233E8,0.0,0.0,0.0,1.0,0.8463071924482849,9191510.973034466,0.0,0.0,0.0,-20.357220345000005,9944.932752007202,77829.81562978025,278.97995560573924,1504590.248659286,-0.974761533284279,0.13057874551499546,5.0,78.0,515.02075,-605.55725,null,null,null,null,null,null,null,null,null,null,null,null,null,null,null,null,null,null,null,null,null,null,null,null,null,null,null,null,null,null,null,null,null,null,null,null,null,null,null
Finger4,null,null,null,null,null,null,null,null,null,null,null,null,null,null,null,null,null,null,null,null,null,null,null,null,null,null,null,null,null,null,null,null,null,null,null,null,null,null,null,57.70381735794215,265.42015286117737,104.79802610896539,281.2669399352321,79.17701009004782,9.42160391896698,-0.23213995237148133,79.17701009004782,9.42160391896698,-0.23213995237148133,79.17701009004782,9.42160391896698,-0.23213995237148133,79.17701009004782,9.42160391896698,-0.23213995237148133,5.0,5.285880181840639,5593687.121171641,0.0,0.0,772250.9138884865,0.0,0.0,0.0,0.0,0.0,0.0,171.346927,3838.050299944821,83096.2852121297,288.26426280780925,710627.0555340863,-1.3930735265622187,0.17831792960118614,3.0,26.0,656.91833,-241.90063,null,null,null,null,null,null,null,null,null,null,null,null,null,null,null,null,null,null,null,null,null,null,null,null,null,null,null,null,null,null,null,null,null,null,null,null,null,null,null
Finger4,null,null,null,null,null,null,null,null,null,null,null,null,null,null,null,null,null,null,null,null,null,null,null,null,null,null,null,null,null,null,null,null,null,null,null,null,null,null,null,93.37720962559582,294.63927438876965,63.37238996644314,337.7749469234381,306.02501298259017,-87.03159909718693,8.504185035083765,145.18453261694708,-10.300920471708679,0.2639013976507836,145.18453261694708,-10.300920471708679,0.2639013976507836,145.18453261694708,-10.300920471708679,0.2639013976507836,6.0,8.19756188312687,1.4749363511950022E8,0.0,0.0,1226525.1294474024,0.0,0.0,0.0,0.0,0.0,0.0,-169.58825651400002,5308.813054489003,51918.148494864625,227.85554304178038,1019805.7994819289,0.49584736723901424,-1.152374673787668,3.0,50.0,48.03772,-789.8529,null,null,null,null,null,null,null,null,null,null,null,null,null,null,null,null,null,null,null,null,null,null,null,null,null,null,null,null,null,null,null,null,null,null,null,null,null,null,null
Finger4,null,null,null,null,null,null,null,null,null,null,null,null,null,null,null,null,null,null,null,null,null,null,null,null,null,null,null,null,null,null,null,null,null,null,null,null,null,null,null,123.31457678565286,322.1687288350778,76.16001166172165,364.4834857007466,183.0072406069985,22.068357843503975,-1.5029288751389664,183.0072406069985,22.068357843503975,-1.5029288751389664,183.0072406069985,22.068357843503975,-1.5029288751389664,183.0072406069985,22.068357843503975,-1.5029288751389664,1.0,1.05289368005187,1197869.4732713378,0.0,NaN,0.0,2.0,2.161142952461471,1.754671325803766E7,0.0,0.0,0.0,-180.58535842105258,4081.1497669340993,176831.7673396377,420.5136945922662,1006664.295555401,-1.308925051476201,-0.03593024687137012,3.0,19.0,448.04993,-829.834,null,null,null,null,null,null,null,null,null,null,null,null,null,null,null,null,null,null,null,null,null,null,null,null,null,null,null,null,null,null,null,null,null,null,null,null,null,null,null
Finger4,null,null,null,null,null,null,null,null,null,null,null,null,null,null,null,null,null,null,null,null,null,null,null,null,null,null,null,null,null,null,null,null,null,null,null,null,null,null,null,16.63663063938368,253.52757540441584,77.64546278208167,266.1963699500296,261.01920564133343,-70.5544656522843,3.993953841895177,261.01920564133343,-70.5544656522843,3.993953841895177,261.01920564133343,-70.5544656522843,3.993953841895177,261.01920564133343,-70.5544656522843,3.993953841895177,1.0,1.7749538091263786,8280955.793587123,0.0,0.0,476587.8168915599,1.0,0.845256288521558,1.640878503274721E7,0.0,0.0,0.0,84.05090515,3173.0952344978864,122579.8022086481,350.11398459451476,615452.0073542724,-1.2796212238854316,0.21983957579020755,2.0,20.0,668.7012,-429.31824,null,null,null,null,null,null,null,null,null,null,null,null,null,null,null,null,null,null,null,null,null,null,null,null,null,null,null,null,null,null,null,null,null,null,null,null,null,null,null
Finger4,null,null,null,null,null,null,null,null,null,null,null,null,null,null,null,null,null,null,null,null,null,null,null,null,null,null,null,null,null,null,null,null,null,null,null,null,null,null,null,116.2863830308792,340.3677471347175,101.8495532584198,368.2733295594826,71.63030323156681,80.40560078080944,-5.795103702001143,71.63030323156681,80.40560078080944,-5.795103702001143,71.63030323156681,80.40560078080944,-5.795103702001143,71.63030323156681,80.40560078080944,-5.795103702001143,1.0,1.1997150334334952,1406950.5774730332,0.0,0.0,1406925.5849843232,0.0,0.0,0.0,0.0,0.0,0.0,-385.7922331333333,3635.0123736436494,128989.63806274126,359.1512746221865,1032891.9739874818,-1.4837909077073534,0.21143568245572536,1.0,15.0,183.79211,-858.6365,null,null,null,null,null,null,null,null,null,null,null,null,null,null,null,null,null,null,null,null,null,null,null,null,null,null,null,null,null,null,null,null,null,null,null,null,null,null,null
Finger4,null,null,null,null,null,null,null,null,null,null,null,null,null,null,null,null,null,null,null,null,null,null,null,null,null,null,null,null,null,null,null,null,null,null,null,null,null,null,null,33.74865725460759,148.90209206817485,69.60641132061737,189.4453487341856,77.46386070199162,-1.3541132592689493,0.00985529286200254,77.46386070199162,-1.3541132592689493,0.00985529286200254,77.46386070199162,-1.3541132592689493,0.00985529286200254,77.46386070199162,-1.3541132592689493,0.00985529286200254,21.0,33.96089835549198,2.600128382835035E8,0.0,0.3583130566822648,1225359.49179608,4.0,4.8259305307708145,2.426374139025421E7,0.0,0.0,0.0,1.0364759998918818,11915.467952773426,26603.351854271725,163.10533974788112,1223909.2057726153,0.7907262530528105,0.18676064163458858,17.0,185.0,446.03577,-465.4724,null,null,null,null,null,null,null,null,null,null,null,null,null,null,null,null,null,null,null,null,null,null,null,null,null,null,null,null,null,null,null,null,null,null,null,null,null,null,null
Finger4,null,null,null,null,null,null,null,null,null,null,null,null,null,null,null,null,null,null,null,null,null,null,null,null,null,null,null,null,null,null,null,null,null,null,null,null,null,null,null,85.81717766081252,302.59218393290695,80.00074341086372,346.2766064844959,80.90138309379745,77.25986594120388,-5.75337537413747,80.90138309379745,77.25986594120388,-5.75337537413747,80.90138309379745,77.25986594120388,-5.75337537413747,80.90138309379745,77.25986594120388,-5.75337537413747,1.0,1.2220076447001134,491605.1078676351,0.0,0.3537406777512021,5463839.20709634,0.0,0.0,0.0,0.0,0.0,0.0,-399.81078932,3486.1306662928705,98005.76704121301,313.0587277831637,957549.5114366749,-1.6117317692890862,0.275316753395086,1.0,15.0,100.00305,-773.2361,null,null,null,null,null,null,null,null,null,null,null,null,null,null,null,null,null,null,null,null,null,null,null,null,null,null,null,null,null,null,null,null,null,null,null,null,null,null,null
Finger4,null,null,null,null,null,null,null,null,null,null,null,null,null,null,null,null,null,null,null,null,null,null,null,null,null,null,null,null,null,null,null,null,null,null,null,null,null,null,null,45.56380191258037,218.45498468472837,70.59988526621387,266.0972572080569,224.3378610992313,-3.3943514661852348,0.02444418314911112,224.3378610992313,-3.3943514661852348,0.02444418314911112,224.3378610992313,-3.3943514661852348,0.02444418314911112,224.3378610992313,-3.3943514661852348,0.02444418314911112,10.0,16.174670531971138,1.1987694103682446E9,0.0,0.35493625001905454,2655082.006692989,0.0,0.0,0.0,0.0,0.0,0.0,33.66628424880003,17459.72958737752,108251.80175536667,329.0164156320573,3392408.8850500467,0.1665582772774541,0.3231719487100036,12.0,125.0,980.19104,-670.2118,null,null,null,null,null,null,null,null,null,null,null,null,null,null,null,null,null,null,null,null,null,null,null,null,null,null,null,null,null,null,null,null,null,null,null,null,null,null,null
Finger4,null,null,null,null,null,null,null,null,null,null,null,null,null,null,null,null,null,null,null,null,null,null,null,null,null,null,null,null,null,null,null,null,null,null,null,null,null,null,null,48.74320596650306,263.7397766710546,76.10676241293588,295.5578454856425,65.21347591568224,31.386051424578568,-1.2886083457790392,65.21347591568224,31.386051424578568,-1.2886083457790392,65.21347591568224,31.386051424578568,-1.2886083457790392,65.21347591568224,31.386051424578568,-1.2886083457790392,1.0,1.8230150964831,3.655908961845693E7,0.0,0.0,0.0,0.0,0.0,0.0,0.0,0.0,0.0,45.78018179166665,4655.73112866364,174062.18069841317,417.2075990420275,1019766.2177369039,-1.5714904870768336,0.25383098910154955,2.0,24.0,707.8766,-472.52197,null,null,null,null,null,null,null,null,null,null,null,null,null,null,null,null,null,null,null,null,null,null,null,null,null,null,null,null,null,null,null,null,null,null,null,null,null,null,null
Finger4,null,null,null,null,null,null,null,null,null,null,null,null,null,null,null,null,null,null,null,null,null,null,null,null,null,null,null,null,null,null,null,null,null,null,null,null,null,null,null,25.54244752591609,244.60841502348052,60.23456595637884,278.79141551468143,35.82686228937041,2.570321129176101E-4,-3.3577252609849183E-5,35.82686228937041,2.570321129176101E-4,-3.3577252609849183E-5,35.82686228937041,2.570321129176101E-4,-3.3577252609849183E-5,35.82686228937041,2.570321129176101E-4,-3.3577252609849183E-5,24.0,35.470821784904174,3.146019657750917E8,0.0,0.0,0.0,0.0,0.0,0.0,0.0,0.0,0.0,-2.543253107358209,20702.870075546107,8640.63126297653,92.9549959011162,1447812.4801115233,12.012958435711367,-1.7336339593233652,70.0,670.0,280.4718,-671.11816,null,null,null,null,null,null,null,null,null,null,null,null,null,null,null,null,null,null,null,null,null,null,null,null,null,null,null,null,null,null,null,null,null,null,null,null,null,null,null
Finger4,null,null,null,null,null,null,null,null,null,null,null,null,null,null,null,null,null,null,null,null,null,null,null,null,null,null,null,null,null,null,null,null,null,null,null,null,null,null,null,29.52101135001867,230.40498131201792,71.05922786819242,259.48442898007124,97.1960780901399,-1.7776981086003731,0.008135562371237914,97.1960780901399,-1.7776981086003731,0.008135562371237914,97.1960780901399,-1.7776981086003731,0.008135562371237914,97.1960780901399,-1.7776981086003731,0.008135562371237914,1.0,1.039046808313914,506916.7908560659,0.0,0.0,690129.5291181225,25.0,37.76939591532776,3.933287513685764E8,0.0,0.0,0.0,-9.210586646203707,7716.066895463912,14196.10403871196,119.14740466628704,768227.1225419793,8.516828214207036,-1.9310466524481869,17.0,216.0,295.6787,-598.5077,null,null,null,null,null,null,null,null,null,null,null,null,null,null,null,null,null,null,null,null,null,null,null,null,null,null,null,null,null,null,null,null,null,null,null,null,null,null,null
Finger4,null,null,null,null,null,null,null,null,null,null,null,null,null,null,null,null,null,null,null,null,null,null,null,null,null,null,null,null,null,null,null,null,null,null,null,null,null,null,null,87.40202431266935,240.84448789087836,81.59565083551706,281.5328708206803,96.41138409321434,14.870118468169153,-0.4928453302986835,96.41138409321434,14.870118468169153,-0.4928453302986835,96.41138409321434,14.870118468169153,-0.4928453302986835,96.41138409321434,14.870118468169153,-0.4928453302986835,2.0,3.5272686625442655,5.863227003335749E7,0.0,0.3518298616951093,2654571.8228130266,1.0,0.8366122848107566,1.8769543559410784E7,0.0,0.0,0.0,8.627322577777806,4766.385060626164,141051.65947405982,375.5684484538868,944036.4786451656,-1.2443589425872261,0.5617071131074333,3.0,27.0,704.95605,-411.3922,null,null,null,null,null,null,null,null,null,null,null,null,null,null,null,null,null,null,null,null,null,null,null,null,null,null,null,null,null,null,null,null,null,null,null,null,null,null,null
Finger4,null,null,null,null,null,null,null,null,null,null,null,null,null,null,null,null,null,null,null,null,null,null,null,null,null,null,null,null,null,null,null,null,null,null,null,null,null,null,null,16.88598808694254,231.268743891525,110.49049186952487,259.67281945255843,142.1225082218383,31.8030285301229,-2.634346867475532,142.1225082218383,31.8030285301229,-2.634346867475532,142.1225082218383,31.8030285301229,-2.634346867475532,142.1225082218383,31.8030285301229,-2.634346867475532,0.0,0.745624770863539,694921.9954896511,0.0,0.35578177461143645,2601187.023511757,0.0,0.0,0.0,0.0,0.0,0.0,-211.9429647647059,2800.311607545799,98907.58361421613,314.4957608843339,576799.4591193467,-1.4188558690694255,0.19295267012857759,2.0,17.0,293.96667,-639.8987,null,null,null,null,null,null,null,null,null,null,null,null,null,null,null,null,null,null,null,null,null,null,null,null,null,null,null,null,null,null,null,null,null,null,null,null,null,null,null
Finger4,null,null,null,null,null,null,null,null,null,null,null,null,null,null,null,null,null,null,null,null,null,null,null,null,null,null,null,null,null,null,null,null,null,null,null,null,null,null,null,67.41561019541493,319.3266653331808,98.98019564225308,353.14345163940334,57.72589465259216,27.34060482035642,-1.0740999120491352,57.72589465259216,27.34060482035642,-1.0740999120491352,57.72589465259216,27.34060482035642,-1.0740999120491352,57.72589465259216,27.34060482035642,-1.0740999120491352,1.0,1.584770952068188,1.267988053928674E7,0.0,NaN,0.0,1.0,0.8396680123469119,2.956275115782204E7,3.0,4.997701930219757,3.973916718822288E7,-93.49822940909092,4029.30458764191,163722.26788869314,404.62608404389,916883.8198581083,-1.3519189511277874,-0.5600408162162647,1.0,22.0,360.03113,-791.46423,null,null,null,null,null,null,null,null,null,null,null,null,null,null,null,null,null,null,null,null,null,null,null,null,null,null,null,null,null,null,null,null,null,null,null,null,null,null,null
Finger4,null,null,null,null,null,null,null,null,null,null,null,null,null,null,null,null,null,null,null,null,null,null,null,null,null,null,null,null,null,null,null,null,null,null,null,null,null,null,null,82.13784391840292,317.1141425688026,138.67579761869405,341.36840473804466,68.59646913230426,37.3250185653003,-1.9039387097122713,68.59646913230426,37.3250185653003,-1.9039387097122713,68.59646913230426,37.3250185653003,-1.9039387097122713,68.59646913230426,37.3250185653003,-1.9039387097122713,1.0,1.8221400200836166,6884728.582296539,0.0,0.0,0.0,0.0,0.0,0.0,4.0,4.858214504066478,4.8193841767039075E7,-137.02649673684212,3670.5043500828915,170442.72405601776,412.8470952495824,848112.6740014324,-1.5611134650523304,-0.2667989643137348,2.0,19.0,381.58264,-788.6444,null,null,null,null,null,null,null,null,null,null,null,null,null,null,null,null,null,null,null,null,null,null,null,null,null,null,null,null,null,null,null,null,null,null,null,null,null,null,null
Finger4,null,null,null,null,null,null,null,null,null,null,null,null,null,null,null,null,null,null,null,null,null,null,null,null,null,null,null,null,null,null,null,null,null,null,null,null,null,null,null,23.47773464929348,204.25747342524076,73.63977825848058,249.1413662685731,139.8369450247883,5.687922654171416,-0.2779614211575758,139.8369450247883,5.687922654171416,-0.2779614211575758,139.8369450247883,5.687922654171416,-0.2779614211575758,139.8369450247883,5.687922654171416,-0.2779614211575758,1.0,1.7260454449076266,1.2523671923805967E7,0.0,0.0,623072.4279193969,3.0,4.582062005245541,1.5590525880636545E7,0.0,0.0,0.0,42.33883055882353,4462.802095548074,83768.95091973139,289.4286629201251,703990.850883522,-0.47350524815016426,-0.7649108841864408,3.0,34.0,473.42834,-585.61707,null,null,null,null,null,null,null,null,null,null,null,null,null,null,null,null,null,null,null,null,null,null,null,null,null,null,null,null,null,null,null,null,null,null,null,null,null,null,null
Finger4,null,null,null,null,null,null,null,null,null,null,null,null,null,null,null,null,null,null,null,null,null,null,null,null,null,null,null,null,null,null,null,null,null,null,null,null,null,null,null,51.598373635689526,186.41802009380183,86.93723878872854,214.36938242817072,70.31877529704946,2.7549947508460946,-0.018781378657406478,70.31877529704946,2.7549947508460946,-0.018781378657406478,70.31877529704946,2.7549947508460946,-0.018781378657406478,70.31877529704946,2.7549947508460946,-0.018781378657406478,2.0,3.796747288193492,1.1722146254846755E7,0.0,0.3631798991993921,1317107.2884568032,0.0,0.0,0.0,0.0,0.0,0.0,45.479737733333344,3147.311281818647,58680.24300852194,242.24005244492898,439305.71484130394,-0.7193027460599142,0.6822760403822058,3.0,30.0,557.1167,-295.17517,null,null,null,null,null,null,null,null,null,null,null,null,null,null,null,null,null,null,null,null,null,null,null,null,null,null,null,null,null,null,null,null,null,null,null,null,null,null,null
Finger4,null,null,null,null,null,null,null,null,null,null,null,null,null,null,null,null,null,null,null,null,null,null,null,null,null,null,null,null,null,null,null,null,null,null,null,null,null,null,null,39.9128144914955,172.36650772120296,69.98147194288642,199.84071611309415,95.88590157576027,23.554424286810956,-1.36012052699299,95.88590157576027,23.554424286810956,-1.36012052699299,95.88590157576027,23.554424286810956,-1.36012052699299,95.88590157576027,23.554424286810956,-1.36012052699299,0.0,0.0,0.0,0.0,0.35316899032309024,1751810.6668587034,3.0,3.382870939040503,2268772.489364573,0.0,0.0,0.0,-39.58831830000001,3033.5609452954504,105812.11598795962,325.28774337186394,510792.32717256225,-1.4785317798800097,0.14935227518293814,2.0,20.0,498.1018,-460.73914,null,null,null,null,null,null,null,null,null,null,null,null,null,null,null,null,null,null,null,null,null,null,null,null,null,null,null,null,null,null,null,null,null,null,null,null,null,null,null
Finger4,null,null,null,null,null,null,null,null,null,null,null,null,null,null,null,null,null,null,null,null,null,null,null,null,null,null,null,null,null,null,null,null,null,null,null,null,null,null,null,77.50582775272925,422.9700744685943,154.41640902818696,474.30499607093475,145.5509785954746,103.95004645764266,-8.711577454326132,149.37409903560865,83.72701907501187,-3.5354865272703364,145.5509785954746,103.95004645764266,-8.711577454326132,145.5509785954746,103.95004645764266,-8.711577454326132,2.0,1.5057764765132158,378631.1072285273,0.0,0.0,2734810.3114919155,0.0,0.0,0.0,0.0,0.0,0.0,-503.7630371428571,4362.385994344542,227529.120354472,477.0001261577108,1609500.5447475715,-1.454237263429685,0.4308975357738158,1.0,14.0,270.70312,-1051.2909,null,null,null,null,null,null,null,null,null,null,null,null,null,null,null,null,null,null,null,null,null,null,null,null,null,null,null,null,null,null,null,null,null,null,null,null,null,null,null
Finger4,null,null,null,null,null,null,null,null,null,null,null,null,null,null,null,null,null,null,null,null,null,null,null,null,null,null,null,null,null,null,null,null,null,null,null,null,null,null,null,65.99670639037768,392.1696697344088,63.915101031014565,427.44997677464636,52.54561207428537,26.10209420467379,-0.7768654416961311,52.54561207428537,26.10209420467379,-0.7768654416961311,52.54561207428537,26.10209420467379,-0.7768654416961311,52.54561207428537,26.10209420467379,-0.7768654416961311,2.0,3.6801590261317223,7.634421044655375E7,0.0,NaN,0.0,1.0,0.858347558309547,4.580842845477086E7,0.0,0.0,0.0,26.292252073333355,5763.2239884140145,231464.00580532916,481.10706272650907,1529055.4284680835,-0.8082587526135461,0.8070445698743184,2.0,27.0,1028.4302,-520.05615,null,null,null,null,null,null,null,null,null,null,null,null,null,null,null,null,null,null,null,null,null,null,null,null,null,null,null,null,null,null,null,null,null,null,null,null,null,null,null
Finger4,null,null,null,null,null,null,null,null,null,null,null,null,null,null,null,null,null,null,null,null,null,null,null,null,null,null,null,null,null,null,null,null,null,null,null,null,null,null,null,55.31370284403831,217.26002910852154,62.277736416919716,267.54022944255354,62.291486013035865,58.355579194423,-4.386261367777223,62.291486013035865,58.355579194423,-4.386261367777223,62.291486013035865,58.355579194423,-4.386261367777223,62.291486013035865,58.355579194423,-4.386261367777223,1.0,1.2392169237421242,163061.77001242398,0.0,0.3567738276919241,3150774.9851388484,0.0,0.0,0.0,0.0,0.0,0.0,-292.11364812933334,2609.6528179389898,60426.50568493553,245.81803368535745,541490.039420933,-1.534355565630349,0.21240703240972575,1.0,15.0,76.638794,-630.73425,null,null,null,null,null,null,null,null,null,null,null,null,null,null,null,null,null,null,null,null,null,null,null,null,null,null,null,null,null,null,null,null,null,null,null,null,null,null,null
Finger4,null,null,null,null,null,null,null,null,null,null,null,null,null,null,null,null,null,null,null,null,null,null,null,null,null,null,null,null,null,null,null,null,null,null,null,null,null,null,null,54.336244450107216,234.3397252342736,113.60376494413383,262.89495763474656,271.7615280373631,-5.54191780090332,-5.541919708251953,271.7615280373631,-5.54191780090332,-5.541919708251953,271.7615280373631,-5.54191780090332,-5.541919708251953,271.7615280373631,-5.54191780090332,-5.541919708251953,0.0,0.0,0.0,0.0,0.0,581652.9296598276,0.0,0.0,0.0,0.0,0.0,0.0,-5.844967298449601,9382.991329881883,32942.17778234406,181.4998010531804,1043775.0486050264,1.5040832963310642,-0.9425156954398826,11.0,129.0,391.75415,-645.2362,null,null,null,null,null,null,null,null,null,null,null,null,null,null,null,null,null,null,null,null,null,null,null,null,null,null,null,null,null,null,null,null,null,null,null,null,null,null,null
Finger4,null,null,null,null,null,null,null,null,null,null,null,null,null,null,null,null,null,null,null,null,null,null,null,null,null,null,null,null,null,null,null,null,null,null,null,null,null,null,null,42.499250674837434,210.45287659836777,95.20112146153096,244.63134129537255,102.19103894383795,49.899179542999036,-4.462727304247991,102.19103894383795,49.899179542999036,-4.462727304247991,102.19103894383795,49.899179542999036,-4.462727304247991,102.19103894383795,49.899179542999036,-4.462727304247991,0.0,0.8191163040523797,718279.5547178191,0.0,0.3541247060107193,2544697.355639156,0.0,0.0,0.0,0.0,0.0,0.0,-314.5182982857142,2316.5262224694566,36579.78675757216,191.25842924580385,462276.0557967551,-1.8072801228385227,-0.04346606741090585,0.0,14.0,-74.020386,-563.6627,null,null,null,null,null,null,null,null,null,null,null,null,null,null,null,null,null,null,null,null,null,null,null,null,null,null,null,null,null,null,null,null,null,null,null,null,null,null,null
Finger4,null,null,null,null,null,null,null,null,null,null,null,null,null,null,null,null,null,null,null,null,null,null,null,null,null,null,null,null,null,null,null,null,null,null,null,null,null,null,null,55.38443724443838,178.51666985180526,81.69039189557775,203.92598659225152,80.15456789339748,-0.49722736012670943,9.649186137274859E-4,80.15456789339748,-0.49722736012670943,9.649186137274859E-4,0.0,0.0,0.0,80.15456789339748,-0.49722736012670943,9.649186137274859E-4,0.0,0.7881926010589297,233503.94058792392,0.0,0.3529053897308611,1730285.168568556,0.0,0.0,0.0,0.0,0.0,0.0,-9.556931660116554,14043.727183892675,10808.664962823272,103.96472941735226,1176530.6077015721,5.54726459683809,-0.4028577544139079,57.0,429.0,420.65735,-491.8579,null,null,null,null,null,null,null,null,null,null,null,null,null,null,null,null,null,null,null,null,null,null,null,null,null,null,null,null,null,null,null,null,null,null,null,null,null,null,null
Finger4,null,null,null,null,null,null,null,null,null,null,null,null,null,null,null,null,null,null,null,null,null,null,null,null,null,null,null,null,null,null,null,null,null,null,null,null,null,null,null,40.78161436324146,201.38261910872555,112.8911095629817,293.7833960976861,286.1453772068875,-21.66025226199008,-0.9649871741598872,286.1453772068875,-21.66025226199008,-0.9649871741598872,286.1453772068875,-21.66025226199008,-0.9649871741598872,286.1453772068875,-21.66025226199008,-0.9649871741598872,0.0,0.8134988667820917,1009375.1577821323,0.0,0.3547520191592065,3886220.4141159654,0.0,0.0,0.0,2.0,1.9389954218442684,1.4150151847833702E7,-142.58995250000004,2848.6757558318545,140490.92937564405,374.8211965399556,601248.0768747216,-1.3882194489575113,0.052431323914208086,1.0,16.0,431.2317,-700.02136,null,null,null,null,null,null,null,null,null,null,null,null,null,null,null,null,null,null,null,null,null,null,null,null,null,null,null,null,null,null,null,null,null,null,null,null,null,null,null
Finger4,null,null,null,null,null,null,null,null,null,null,null,null,null,null,null,null,null,null,null,null,null,null,null,null,null,null,null,null,null,null,null,null,null,null,null,null,null,null,null,32.42469476008019,269.01748281138794,132.229743258838,319.99345382667383,344.14177343192523,3.839117287105182,-5.374030562926009,344.14177343192523,3.839117287105182,-5.374030562926009,344.14177343192523,3.839117287105182,-5.374030562926009,344.14177343192523,3.839117287105182,-5.374030562926009,1.0,1.0781717470137173,1545678.0439665893,0.0,0.3336872639317185,9305130.767295333,0.0,0.0,0.0,0.0,0.0,0.0,-15.973233457812496,13530.461181796665,66890.55212130323,258.6320786780001,2106252.3741548196,0.33054477824486694,-0.5194631414689754,12.0,128.0,451.27258,-750.17395,null,null,null,null,null,null,null,null,null,null,null,null,null,null,null,null,null,null,null,null,null,null,null,null,null,null,null,null,null,null,null,null,null,null,null,null,null,null,null
Finger4,null,null,null,null,null,null,null,null,null,null,null,null,null,null,null,null,null,null,null,null,null,null,null,null,null,null,null,null,null,null,null,null,null,null,null,null,null,null,null,7.870412931618935,215.06616547881316,91.19050612543836,236.7267308093941,56.804998337297434,20.100834710825836,-0.8723343314168801,56.804998337297434,20.100834710825836,-0.8723343314168801,56.804998337297434,20.100834710825836,-0.8723343314168801,56.804998337297434,20.100834710825836,-0.8723343314168801,1.0,1.8976762615379408,7111447.739731358,0.0,0.0,313190.66166336,0.0,0.0,0.0,0.0,0.0,0.0,0.9373581123076884,3190.0540572779073,79545.67316012936,282.0384249710123,491494.9348535062,-0.5723190790955521,0.9035551913864931,3.0,26.0,600.32043,-292.9596,null,null,null,null,null,null,null,null,null,null,null,null,null,null,null,null,null,null,null,null,null,null,null,null,null,null,null,null,null,null,null,null,null,null,null,null,null,null,null
Finger4,null,null,null,null,null,null,null,null,null,null,null,null,null,null,null,null,null,null,null,null,null,null,null,null,null,null,null,null,null,null,null,null,null,null,null,null,null,null,null,92.90949872750416,231.23074646209136,61.42082249968266,265.38303817604447,103.87569523026013,-6.17209220817098,0.12091053011917263,103.87569523026013,-6.17209220817098,0.12091053011917263,103.87569523026013,-6.17209220817098,0.12091053011917263,103.87569523026013,-6.17209220817098,0.12091053011917263,5.0,7.748268849376426,6.4175936527059436E7,0.0,0.3352218757111949,5949131.317510959,0.0,0.0,0.0,13.0,18.14327958326337,4.1947168089809483E8,-18.823379052238806,5391.595524816545,46032.70403118974,214.55233401478006,794911.0906593039,1.4960312023331008,-1.6246765360006004,6.0,67.0,253.07922,-621.77124,null,null,null,null,null,null,null,null,null,null,null,null,null,null,null,null,null,null,null,null,null,null,null,null,null,null,null,null,null,null,null,null,null,null,null,null,null,null,null
Finger4,null,null,null,null,null,null,null,null,null,null,null,null,null,null,null,null,null,null,null,null,null,null,null,null,null,null,null,null,null,null,null,null,null,null,null,null,null,null,null,165.36054294316617,211.21452089433618,108.40434473622888,244.04768820148763,265.45525887963163,11.070921484864812,-10.75316999799179,265.45525887963163,11.070921484864812,-10.75316999799179,265.45525887963163,11.070921484864812,-10.75316999799179,265.45525887963163,11.070921484864812,-10.75316999799179,0.0,0.7901876531777065,1161574.9191045489,0.0,0.355959053641621,2492159.422892384,0.0,0.0,0.0,0.0,0.0,0.0,-46.92400847058826,5523.184227580656,110410.30741362674,332.28046498948254,1018974.8663908327,-1.1679224727115618,0.16561671199121233,1.0,34.0,552.48413,-575.14343,null,null,null,null,null,null,null,null,null,null,null,null,null,null,null,null,null,null,null,null,null,null,null,null,null,null,null,null,null,null,null,null,null,null,null,null,null,null,null
Finger4,null,null,null,null,null,null,null,null,null,null,null,null,null,null,null,null,null,null,null,null,null,null,null,null,null,null,null,null,null,null,null,null,null,null,null,null,null,null,null,52.058301393195876,280.07169222071707,110.43758380311675,295.115580458741,287.2118707810845,-66.88467483258444,3.7044880808242198,108.15676575634757,67.79651489718742,-6.355634927052954,287.2118707810845,-66.88467483258444,3.7044880808242198,108.15676575634757,67.79651489718742,-6.355634927052954,0.0,0.734611514173296,368061.62468544906,0.0,0.0,0.0,1.0,0.8450901750968446,2.1905441994628325E7,0.0,0.0,0.0,352.27661384615385,2563.003415310272,68003.44664567652,260.7747047657739,605577.7946453951,-1.407513322873378,-0.12704271877875659,1.0,13.0,712.8113,-89.730835,null,null,null,null,null,null,null,null,null,null,null,null,null,null,null,null,null,null,null,null,null,null,null,null,null,null,null,null,null,null,null,null,null,null,null,null,null,null,null
Finger4,null,null,null,null,null,null,null,null,null,null,null,null,null,null,null,null,null,null,null,null,null,null,null,null,null,null,null,null,null,null,null,null,null,null,null,null,null,null,null,70.59598320667108,381.7304252487541,157.5602577053705,413.48960873320857,174.71777215760926,88.68246167388043,-9.580702905044276,174.71777215760926,88.68246167388043,-9.580702905044276,174.71777215760926,88.68246167388043,-9.580702905044276,174.71777215760926,88.68246167388043,-9.580702905044276,0.0,0.7462037999730408,1146152.593977383,0.0,NaN,0.0,1.0,0.8502362619362543,3.741737553875752E7,0.0,0.0,0.0,464.7926295833334,3101.820068162181,125140.69531118452,353.7523078528033,983211.8933405182,-1.4592890805950018,0.1789389282500888,1.0,12.0,997.5128,-66.970825,null,null,null,null,null,null,null,null,null,null,null,null,null,null,null,null,null,null,null,null,null,null,null,null,null,null,null,null,null,null,null,null,null,null,null,null,null,null,null
Finger4,null,null,null,null,null,null,null,null,null,null,null,null,null,null,null,null,null,null,null,null,null,null,null,null,null,null,null,null,null,null,null,null,null,null,null,null,null,null,null,96.65254283844654,386.1823871807456,205.3093309566753,412.218334828437,0.0,0.0,0.0,266.811184281922,-6.163629076379472,0.03904551712402907,266.811184281922,-6.163629076379472,0.03904551712402907,266.811184281922,-6.163629076379472,0.03904551712402907,29.0,36.502989101589115,1.4753142794185228E9,0.0,NaN,0.0,1.0,0.8234951440177253,4.032859133113106E7,0.0,0.0,0.0,-68.03768054516124,15791.669967931546,80317.66318009965,283.4037105969145,3231994.1399470023,2.5064788077527815,-1.613079341070596,15.0,155.0,387.62512,-1026.7181,null,null,null,null,null,null,null,null,null,null,null,null,null,null,null,null,null,null,null,null,null,null,null,null,null,null,null,null,null,null,null,null,null,null,null,null,null,null,null
Finger4,null,null,null,null,null,null,null,null,null,null,null,null,null,null,null,null,null,null,null,null,null,null,null,null,null,null,null,null,null,null,null,null,null,null,null,null,null,null,null,79.04113107578142,263.080947042027,62.711628374749765,290.3881194490231,264.6250534854605,-48.23381279495993,2.1546814426889114,264.6250534854605,-48.23381279495993,2.1546814426889114,264.6250534854605,-48.23381279495993,2.1546814426889114,264.6250534854605,-48.23381279495993,2.1546814426889114,15.0,20.991825566978157,6.2472435000770435E7,0.0,0.0,1018880.9913933225,1.0,0.8359470441191622,2.0755387928141184E7,0.0,0.0,0.0,-29.641210807099238,6816.879502784013,24883.845777566286,157.74614346337057,853544.2061912676,4.9726175125436916,-1.8598651862291602,12.0,131.0,311.69128,-649.8688,null,null,null,null,null,null,null,null,null,null,null,null,null,null,null,null,null,null,null,null,null,null,null,null,null,null,null,null,null,null,null,null,null,null,null,null,null,null,null
Finger4,null,null,null,null,null,null,null,null,null,null,null,null,null,null,null,null,null,null,null,null,null,null,null,null,null,null,null,null,null,null,null,null,null,null,null,null,null,null,null,72.62799899559559,168.154348233645,55.49215400211722,232.4413086547321,126.36377888032655,-3.4807509966490358,0.02416060389199695,126.36377888032655,-3.4807509966490358,0.02416060389199695,126.36377888032655,-3.4807509966490358,0.02416060389199695,126.36377888032655,-3.4807509966490358,0.02416060389199695,1.0,0.8855243652382283,126987.08527367309,0.0,0.34953049346286935,2029177.8153032237,30.0,39.44130840313315,2.1542058581359926E8,0.0,0.0,0.0,-10.816040098344828,6282.5100801542185,19003.525209292417,137.85327420591946,703510.6999546221,5.629167953238724,0.9713068164159708,16.0,145.0,578.5675,-421.2616,null,null,null,null,null,null,null,null,null,null,null,null,null,null,null,null,null,null,null,null,null,null,null,null,null,null,null,null,null,null,null,null,null,null,null,null,null,null,null
Finger4,null,null,null,null,null,null,null,null,null,null,null,null,null,null,null,null,null,null,null,null,null,null,null,null,null,null,null,null,null,null,null,null,null,null,null,null,null,null,null,68.08224448993299,314.56616837932035,107.3805733523449,351.8793853630065,96.04018100927306,79.63370071309203,-6.652835943357012,96.04018100927306,79.63370071309203,-6.652835943357012,96.04018100927306,79.63370071309203,-6.652835943357012,96.04018100927306,79.63370071309203,-6.652835943357012,1.0,0.9537668279452607,1286361.010718999,0.0,0.0,1247582.9095953002,0.0,0.0,0.0,0.0,0.0,0.0,399.3072510999999,3142.5566623722048,91710.70940947907,302.837760871195,856263.0533232149,-1.4933539564118594,-0.09948922844390808,1.0,14.0,811.203,-98.794556,null,null,null,null,null,null,null,null,null,null,null,null,null,null,null,null,null,null,null,null,null,null,null,null,null,null,null,null,null,null,null,null,null,null,null,null,null,null,null
Finger4,null,null,null,null,null,null,null,null,null,null,null,null,null,null,null,null,null,null,null,null,null,null,null,null,null,null,null,null,null,null,null,null,null,null,null,null,null,null,null,44.67808922720709,224.44403736166063,45.45521436860911,258.41270707292716,42.15358450231696,0.033497990202164374,1.8156661822148895E-4,42.15358450231696,0.033497990202164374,1.8156661822148895E-4,42.15358450231696,0.033497990202164374,1.8156661822148895E-4,42.15358450231696,0.033497990202164374,1.8156661822148895E-4,0.0,0.0,0.0,0.0,0.0,264727.95938618405,0.0,0.0,0.0,48.0,68.65108117589898,5.088110124125539E9,-17.86604982391719,17004.009670232204,18583.26186519437,136.32043817855916,1486403.7347430724,4.125288681519546,0.891663832067783,35.0,314.0,688.33923,-325.48828,null,null,null,null,null,null,null,null,null,null,null,null,null,null,null,null,null,null,null,null,null,null,null,null,null,null,null,null,null,null,null,null,null,null,null,null,null,null,null
Finger4,null,null,null,null,null,null,null,null,null,null,null,null,null,null,null,null,null,null,null,null,null,null,null,null,null,null,null,null,null,null,null,null,null,null,null,null,null,null,null,87.62985262409138,328.50570468689097,100.70056141468247,410.029458700264,120.72584000499523,-2.0534672051512075,0.014038217913222795,120.72584000499523,-2.0534672051512075,0.014038217913222795,120.72584000499523,-2.0534672051512075,0.014038217913222795,120.72584000499523,-2.0534672051512075,0.014038217913222795,27.0,35.8542342960907,1.9485758896169038E9,0.0,0.0,2008922.1258602503,0.0,0.0,0.0,0.0,0.0,0.0,30.35984773011051,15918.5321702347,54925.73122967292,234.36239295090184,2515460.7859512833,2.2751560332549516,1.2741895817311975,15.0,181.0,940.10925,-366.37573,null,null,null,null,null,null,null,null,null,null,null,null,null,null,null,null,null,null,null,null,null,null,null,null,null,null,null,null,null,null,null,null,null,null,null,null,null,null,null
Finger4,null,null,null,null,null,null,null,null,null,null,null,null,null,null,null,null,null,null,null,null,null,null,null,null,null,null,null,null,null,null,null,null,null,null,null,null,null,null,null,112.30987573885444,324.1700087712889,110.78596813063263,377.10827222837094,146.04098502716863,-4.460166770499079,0.03568413514883878,133.7071959059022,-3.6939942379290223,0.028340045212804782,146.04098502716863,-4.460166770499079,0.03568413514883878,146.04098502716863,-4.460166770499079,0.03568413514883878,27.0,37.18383797181005,3.292106798833937E8,0.0,0.35661635544906006,7068134.824109836,1.0,0.8383589225932074,3.2617885317839205E7,0.0,0.0,0.0,-29.7302896612766,9559.5589692153,43836.327910579086,209.37126811140797,1585660.5705109802,4.782634329613519,-1.8950216162098124,14.0,141.0,385.10742,-820.77026,null,null,null,null,null,null,null,null,null,null,null,null,null,null,null,null,null,null,null,null,null,null,null,null,null,null,null,null,null,null,null,null,null,null,null,null,null,null,null
Finger4,null,null,null,null,null,null,null,null,null,null,null,null,null,null,null,null,null,null,null,null,null,null,null,null,null,null,null,null,null,null,null,null,null,null,null,null,null,null,null,47.963102543927036,221.51350459478434,95.2181343610369,270.2495305014556,112.06312588384844,52.63498636444166,-4.643957984092175,112.06312588384844,52.63498636444166,-4.643957984092175,112.06312588384844,52.63498636444166,-4.643957984092175,112.06312588384844,52.63498636444166,-4.643957984092175,0.0,0.7432795303600687,87753.65706733559,0.0,0.3544089538651565,3372135.63720072,0.0,0.0,0.0,0.0,0.0,0.0,318.5753931357143,2555.265933687208,58315.969001551384,241.48699551228714,548039.2893034801,-1.404041245842277,-0.33418148323264546,1.0,14.0,615.0238,-115.91492,null,null,null,null,null,null,null,null,null,null,null,null,null,null,null,null,null,null,null,null,null,null,null,null,null,null,null,null,null,null,null,null,null,null,null,null,null,null,null
Finger4,null,null,null,null,null,null,null,null,null,null,null,null,null,null,null,null,null,null,null,null,null,null,null,null,null,null,null,null,null,null,null,null,null,null,null,null,null,null,null,119.34703132165419,393.5270961299845,209.6890239149784,421.7334400955434,214.0611431454779,76.4436325235672,-7.43920989189634,214.0611431454779,76.4436325235672,-7.43920989189634,214.0611431454779,76.4436325235672,-7.43920989189634,214.0611431454779,76.4436325235672,-7.43920989189634,3.0,1.9942561187088457,230317.84493039455,0.0,0.0,2145633.1808040002,1.0,0.8309038626036737,4.404638029202207E7,0.0,0.0,0.0,484.83934161538457,3909.911770137439,201138.19950036786,448.4843358472711,1326241.2293711621,-0.9470495665883454,-0.74109865385043,1.0,13.0,945.34607,-410.68726,null,null,null,null,null,null,null,null,null,null,null,null,null,null,null,null,null,null,null,null,null,null,null,null,null,null,null,null,null,null,null,null,null,null,null,null,null,null,null
Finger4,null,null,null,null,null,null,null,null,null,null,null,null,null,null,null,null,null,null,null,null,null,null,null,null,null,null,null,null,null,null,null,null,null,null,null,null,null,null,null,51.8010267981126,216.41755482770597,77.86163330384908,175.8860235604165,51.212824264158314,-0.43044523768760534,9.611903226120957E-4,51.212824264158314,-0.43044523768760534,9.611903226120957E-4,51.212824264158314,-0.43044523768760534,9.611903226120957E-4,51.212824264158314,-0.43044523768760534,9.611903226120957E-4,59.0,75.12153629469162,6.541432413530316E8,1.0,0.8524348763605086,9973252.450419178,0.0,0.0,0.0,0.0,0.0,0.0,-10.442465982108317,13208.40845095373,8577.761009492582,92.61620273738598,1122386.2786826466,11.237545116730388,-2.0557074907619275,59.0,517.0,269.89746,-587.027,null,null,null,null,null,null,null,null,null,null,null,null,null,null,null,null,null,null,null,null,null,null,null,null,null,null,null,null,null,null,null,null,null,null,null,null,null,null,null
Finger4,null,null,null,null,null,null,null,null,null,null,null,null,null,null,null,null,null,null,null,null,null,null,null,null,null,null,null,null,null,null,null,null,null,null,null,null,null,null,null,53.45011949857324,261.7518991592757,153.2552262589681,268.7352380812697,123.01241905797178,0.743092615761455,-0.0012371320031876465,123.01241905797178,0.743092615761455,-0.0012371320031876465,123.01241905797178,0.743092615761455,-0.0012371320031876465,123.01241905797178,0.743092615761455,-0.0012371320031876465,29.0,37.339335539954185,9.03878598543729E9,0.0,0.7935819728506431,1.3662441332932001E7,3.0,3.118054049404457,7335324.890069576,0.0,0.0,0.0,-56.66365841341178,29578.46832798454,193115.16449538647,439.4487051925247,8264017.274439504,-0.15762905613176947,-0.10519926392593194,12.0,170.0,1075.058,-996.405,null,null,null,null,null,null,null,null,null,null,null,null,null,null,null,null,null,null,null,null,null,null,null,null,null,null,null,null,null,null,null,null,null,null,null,null,null,null,null
Finger4,null,null,null,null,null,null,null,null,null,null,null,null,null,null,null,null,null,null,null,null,null,null,null,null,null,null,null,null,null,null,null,null,null,null,null,null,null,null,null,103.03523007783855,271.466322281134,58.816451613907034,289.05053962547925,276.2143876234195,-44.362812779328806,1.6606414033956014,19.073896279982137,13.393984613202747,-0.23384896425513269,19.073896279982137,13.393984613202747,-0.23384896425513269,19.073896279982137,13.393984613202747,-0.23384896425513269,2.0,3.699721611095088,1.157569753139323E7,0.0,0.35676203580567817,3846473.938010243,0.0,0.0,0.0,0.0,0.0,0.0,-109.2404086724138,4187.189835006441,101066.46566696314,317.90952434138103,821913.6704541234,-1.4022442053163093,-0.609219946216401,2.0,29.0,229.61426,-654.9042,null,null,null,null,null,null,null,null,null,null,null,null,null,null,null,null,null,null,null,null,null,null,null,null,null,null,null,null,null,null,null,null,null,null,null,null,null,null,null
Finger4,null,null,null,null,null,null,null,null,null,null,null,null,null,null,null,null,null,null,null,null,null,null,null,null,null,null,null,null,null,null,null,null,null,null,null,null,null,null,null,57.853293254502915,233.58423812399118,123.39943540839032,268.4164392217821,125.87116845942171,-1.4581903200692992,0.0066743345143371186,125.87116845942171,-1.4581903200692992,0.0066743345143371186,125.87116845942171,-1.4581903200692992,0.0066743345143371186,125.87116845942171,-1.4581903200692992,0.0066743345143371186,29.0,37.80982184057986,2.552225459827972E9,0.0,0.3543512612735615,2167632.513910386,1.0,0.8473175603618558,1.7469205573227756E7,0.0,0.0,0.0,6.233387676913049,17882.25814468007,37025.642893020224,192.42048459823664,2109152.8664912116,0.888083162126799,0.3344623585795979,19.0,230.0,686.22437,-479.47083,null,null,null,null,null,null,null,null,null,null,null,null,null,null,null,null,null,null,null,null,null,null,null,null,null,null,null,null,null,null,null,null,null,null,null,null,null,null,null
Finger4,null,null,null,null,null,null,null,null,null,null,null,null,null,null,null,null,null,null,null,null,null,null,null,null,null,null,null,null,null,null,null,null,null,null,null,null,null,null,null,62.28073031661703,260.6254644344854,167.93601670350256,325.6343022299975,184.96510215385388,48.15497738307579,-4.749422639329872,184.96510215385388,48.15497738307579,-4.749422639329872,184.96510215385388,48.15497738307579,-4.749422639329872,184.96510215385388,48.15497738307579,-4.749422639329872,2.0,1.4395701475729217,209534.18153640453,0.0,0.35728210571020097,5394875.646901615,0.0,0.0,0.0,1.0,1.8018805304575727,7.656583903328395E7,378.5757877142857,3081.8372322523282,94719.66973973076,307.76560844209143,794415.2862396009,-1.1809450987531847,-0.6048333222478898,1.0,14.0,705.8624,-203.7323,null,null,null,null,null,null,null,null,null,null,null,null,null,null,null,null,null,null,null,null,null,null,null,null,null,null,null,null,null,null,null,null,null,null,null,null,null,null,null
Finger4,null,null,null,null,null,null,null,null,null,null,null,null,null,null,null,null,null,null,null,null,null,null,null,null,null,null,null,null,null,null,null,null,null,null,null,null,null,null,null,61.99033993034826,325.907903066381,133.70263683229373,384.54009059919616,156.0776993973859,78.56029433071808,-7.61553620650588,156.0776993973859,78.56029433071808,-7.61553620650588,156.0776993973859,78.56029433071808,-7.61553620650588,156.0776993973859,78.56029433071808,-7.61553620650588,3.0,2.073046574371548,76011.6535182659,0.0,0.0,0.0,0.0,0.0,0.0,0.0,0.0,0.0,393.93099023076917,3206.61451729398,150834.04752269754,388.3735927205885,950061.7550447313,-1.4838176976149262,-0.24880980336030142,1.0,13.0,893.58215,-250.2594,null,null,null,null,null,null,null,null,null,null,null,null,null,null,null,null,null,null,null,null,null,null,null,null,null,null,null,null,null,null,null,null,null,null,null,null,null,null,null
Finger4,null,null,null,null,null,null,null,null,null,null,null,null,null,null,null,null,null,null,null,null,null,null,null,null,null,null,null,null,null,null,null,null,null,null,null,null,null,null,null,null,null,null,null,null,null,null,null,null,null,null,null,null,null,null,null,null,null,null,null,null,null,null,null,null,null,null,null,null,null,null,null,null,null,null,null,null,null,null,26.588573476115695,223.17123799535582,97.67280616985316,278.07612285118535,119.24135587674937,54.906480255615406,-5.566142920628174,119.24135587674937,54.906480255615406,-5.566142920628174,119.24135587674937,54.906480255615406,-5.566142920628174,119.24135587674937,54.906480255615406,-5.566142920628174,1.0,1.3084919417986218,28683.710804469323,0.0,0.0,892727.406496801,0.0,0.0,0.0,0.0,0.0,0.0,-274.91736703076924,2214.850189119842,80047.68037152839,282.92698770447544,473455.3138269333,-1.4993546972497696,0.21181315159689407,1.0,13.0,214.50806,-633.45337
Finger4,null,null,null,null,null,null,null,null,null,null,null,null,null,null,null,null,null,null,null,null,null,null,null,null,null,null,null,null,null,null,null,null,null,null,null,null,null,null,null,180.92010488478016,522.4557005555818,226.65456562928995,572.8933815853597,539.5111096890893,-147.84880842313942,14.642342808393494,539.5111096890893,-147.84880842313942,14.642342808393494,539.5111096890893,-147.84880842313942,14.642342808393494,539.5111096890893,-147.84880842313942,14.642342808393494,1.0,1.230686804413817,430444.134528617,0.0,0.0,3186401.5389453024,1.0,0.8307194741072712,7.456973563614134E7,0.0,0.0,0.0,-638.2563656923077,5050.096614051547,313765.39160391357,560.1476516097462,2275322.1649944955,-1.4457665684385421,0.28178191355902216,1.0,13.0,315.92102,-1322.5983,null,null,null,null,null,null,null,null,null,null,null,null,null,null,null,null,null,null,null,null,null,null,null,null,null,null,null,null,null,null,null,null,null,null,null,null,null,null,null
Finger4,null,null,null,null,null,null,null,null,null,null,null,null,null,null,null,null,null,null,null,null,null,null,null,null,null,null,null,null,null,null,null,null,null,null,null,null,null,null,null,7.396110295261419,200.82883984322623,105.32033977525627,245.63912724211016,81.71848898448354,12.021552674707777,-0.486341268716199,81.71848898448354,12.021552674707777,-0.486341268716199,81.71848898448354,12.021552674707777,-0.486341268716199,81.71848898448354,12.021552674707777,-0.486341268716199,3.0,3.9626849915520874,3.847411853400761E7,0.0,0.0,0.0,1.0,0.8581303680975283,1.1114167981004056E7,0.0,0.0,0.0,9.179922092307699,3344.649824036765,85977.55924221162,293.2193023015566,527587.3290308743,-1.0367374146583885,0.684443836822356,2.0,26.0,591.76025,-324.07837,null,null,null,null,null,null,null,null,null,null,null,null,null,null,null,null,null,null,null,null,null,null,null,null,null,null,null,null,null,null,null,null,null,null,null,null,null,null,null
Finger4,null,null,null,null,null,null,null,null,null,null,null,null,null,null,null,null,null,null,null,null,null,null,null,null,null,null,null,null,null,null,null,null,null,null,null,null,null,null,null,59.49865735371848,313.98172730905185,112.01354008197083,370.62447903726104,33.682980874618124,48.8301812966705,-2.2632542718623903,33.682980874618124,48.8301812966705,-2.2632542718623903,33.682980874618124,48.8301812966705,-2.2632542718623903,33.682980874618124,48.8301812966705,-2.2632542718623903,1.0,1.7858966911831307,7393794.614131295,0.0,0.35566286390022117,5808574.49566754,0.0,0.0,0.0,0.0,0.0,0.0,-193.6087467619048,4466.140910759527,196808.94504951843,443.6315419912322,1178359.1640047973,-1.6276742608345505,-0.17873957777509006,1.0,21.0,411.89575,-858.33435,null,null,null,null,null,null,null,null,null,null,null,null,null,null,null,null,null,null,null,null,null,null,null,null,null,null,null,null,null,null,null,null,null,null,null,null,null,null,null
Finger4,null,null,null,null,null,null,null,null,null,null,null,null,null,null,null,null,null,null,null,null,null,null,null,null,null,null,null,null,null,null,null,null,null,null,null,null,null,null,null,74.3432496895129,137.14849295220077,65.11482616128174,165.10249115123037,179.06273776493634,4.720197616332371,-6.020065834400839,179.06273776493634,4.720197616332371,-6.020065834400839,179.06273776493634,4.720197616332371,-6.020065834400839,179.06273776493634,4.720197616332371,-6.020065834400839,0.0,0.0,0.0,0.0,0.3587820299633873,824968.3786140512,6.0,8.199175468768106,1.1723608140019825E8,0.0,0.0,0.0,0.0,0.0,0.0,0.0,0.0,0.0,0.0,0.0,0.0,0.0,0.0,null,null,null,null,null,null,null,null,null,null,null,null,null,null,null,null,null,null,null,null,null,null,null,null,null,null,null,null,null,null,null,null,null,null,null,null,null,null,null
Finger4,null,null,null,null,null,null,null,null,null,null,null,null,null,null,null,null,null,null,null,null,null,null,null,null,null,null,null,null,null,null,null,null,null,null,null,null,null,null,null,43.89306832661706,197.12304279565575,65.66818187716538,228.58402475229835,0.0,0.0,0.0,197.30967340675716,-33.501686199552296,0.5551000653402696,197.30967340675716,-33.501686199552296,0.5551000653402696,197.30967340675716,-33.501686199552296,0.5551000653402696,0.0,0.0,0.0,0.0,0.0,0.0,1.0,0.844049869790289,1.2453759476812473E7,0.0,0.0,0.0,-27.593994111999987,4970.975281469651,55726.95214595643,236.06556747216743,698772.167359083,-0.027795097357734555,0.9666973541933334,3.0,50.0,535.6659,-346.9391,null,null,null,null,null,null,null,null,null,null,null,null,null,null,null,null,null,null,null,null,null,null,null,null,null,null,null,null,null,null,null,null,null,null,null,null,null,null,null
Finger4,null,null,null,null,null,null,null,null,null,null,null,null,null,null,null,null,null,null,null,null,null,null,null,null,null,null,null,null,null,null,null,null,null,null,null,null,null,null,null,57.66496908210751,269.5120543482907,122.26176118128845,298.2925238078031,307.60535478644204,-5.739006042480469,-5.739007949829102,307.60535478644204,-5.739006042480469,-5.739007949829102,307.60535478644204,-5.739006042480469,-5.739007949829102,0.0,0.0,0.0,1.0,1.6306789244199726,188015.64944305923,0.0,0.0,998047.8736303714,1.0,0.8424944787967891,2.1071457504499115E7,0.0,0.0,0.0,-307.88762123076924,2611.372682870913,106176.92892939807,325.8480150766582,612782.8362311414,-1.4261594285567856,0.45890801433267114,1.0,13.0,249.0509,-669.2047,null,null,null,null,null,null,null,null,null,null,null,null,null,null,null,null,null,null,null,null,null,null,null,null,null,null,null,null,null,null,null,null,null,null,null,null,null,null,null
Finger4,null,null,null,null,null,null,null,null,null,null,null,null,null,null,null,null,null,null,null,null,null,null,null,null,null,null,null,null,null,null,null,null,null,null,null,null,null,null,null,72.34336843734597,249.66138004856137,96.86250622894991,285.09923577168735,252.06731916681298,-44.35005843395004,1.6147038271682561,252.06731916681298,-44.35005843395004,1.6147038271682561,252.06731916681298,-44.35005843395004,1.6147038271682561,252.06731916681298,-44.35005843395004,1.6147038271682561,7.0,8.476391576031192,1.5516034369903862E8,0.0,0.35493387216716477,3564043.5167394606,1.0,0.8434844114349515,1.9588831674470942E7,0.0,0.0,0.0,2.3581166076923146,6189.126201353656,58009.3481686175,240.85129887259794,941543.5047417277,0.9640354361239178,-1.3328406386896892,6.0,65.0,299.4049,-656.91833,null,null,null,null,null,null,null,null,null,null,null,null,null,null,null,null,null,null,null,null,null,null,null,null,null,null,null,null,null,null,null,null,null,null,null,null,null,null,null
Finger4,null,null,null,null,null,null,null,null,null,null,null,null,null,null,null,null,null,null,null,null,null,null,null,null,null,null,null,null,null,null,null,null,null,null,null,null,null,null,null,93.8293916173071,295.5940903473965,121.83721567241118,334.27058433656606,236.37939767703438,-19.198745817619113,0.8955854218266062,236.37939767703438,-19.198745817619113,0.8955854218266062,236.37939767703438,-19.198745817619113,0.8955854218266062,0.0,0.0,0.0,0.0,0.0,0.0,0.0,0.35432075433553445,4795086.200201339,2.0,2.654962319009752,1.289522243681283E7,3.0,4.484040111190233,7.431417874055654E7,-111.17744162500007,4819.559938150568,180520.38022972664,424.8769000895749,1132253.530290203,-1.5434342620538632,-0.3134940088715792,2.0,24.0,444.0216,-763.6688,null,null,null,null,null,null,null,null,null,null,null,null,null,null,null,null,null,null,null,null,null,null,null,null,null,null,null,null,null,null,null,null,null,null,null,null,null,null,null
Finger4,null,null,null,null,null,null,null,null,null,null,null,null,null,null,null,null,null,null,null,null,null,null,null,null,null,null,null,null,null,null,null,null,null,null,null,null,null,null,null,111.85364095865856,453.4216672934008,244.96935853228547,524.2374702379834,265.9286457600281,91.90155076233941,-9.175717524668599,265.9286457600281,91.90155076233941,-9.175717524668599,265.9286457600281,91.90155076233941,-9.175717524668599,265.9286457600281,91.90155076233941,-9.175717524668599,3.0,2.395945305346132,290051.31742681726,0.0,0.0,3412841.31411129,1.0,0.8426247452030651,6.28646622403138E7,0.0,0.0,0.0,-575.4610540769231,4661.176965967549,292551.5744962503,540.8803698566351,1914099.3728951751,-1.1286713463805713,0.6316218610201366,1.0,13.0,443.71948,-1163.9832,null,null,null,null,null,null,null,null,null,null,null,null,null,null,null,null,null,null,null,null,null,null,null,null,null,null,null,null,null,null,null,null,null,null,null,null,null,null,null
Finger4,null,null,null,null,null,null,null,null,null,null,null,null,null,null,null,null,null,null,null,null,null,null,null,null,null,null,null,null,null,null,null,null,null,null,null,null,null,null,null,67.98188097200226,197.4727626427711,103.91901809094625,250.12710578224485,164.26330535776856,-9.215000246993924,0.22389388039597025,230.7130574454145,-10.378501212371006,0.1750264765175551,230.7130574454145,-10.378501212371006,0.1750264765175551,230.7130574454145,-10.378501212371006,0.1750264765175551,2.0,1.657551669057677,75259.28274407759,0.0,0.35399472236806834,2916645.447298558,7.0,9.241480870612527,1.6635258332300356E8,0.0,0.0,0.0,-51.75296758695651,5366.008120260868,66337.64510601251,257.5609541565113,786585.2597752268,-1.0337957516325285,-0.4774861375014705,3.0,46.0,287.01782,-553.5919,null,null,null,null,null,null,null,null,null,null,null,null,null,null,null,null,null,null,null,null,null,null,null,null,null,null,null,null,null,null,null,null,null,null,null,null,null,null,null
