Klasse,minimumSteigungWert1,maximumSteigungWert1,minimumSenkungWert1,maximumSenkungWert1,steigungA1,steigungB1,steigungC1,senkungA1,senkungB1,senkungC1,mittelA1,mittelB1,mittelC1,gesamtA1,gesamtB1,gesamtC1,fftAnfangMedian1,fftAnfangMittel1,fftAnfangPSD1,fftMitteMedian1,fftMitteMittel1,fftMittePSD1,fftEndeMedian1,fftEndeMittel1,fftEndePSD1,fftGesamtMedian1,fftGesamtMittel1,fftGesamtPSD1,mittelwert1,signalstärke1,varianz1,standardabweichung1,energie1,kurtosis1,schiefe1,zeroCrossings1,laenge1,maximalwert1,minimalwert1,minimumSteigungWert2,maximumSteigungWert2,minimumSenkungWert2,maximumSenkungWert2,steigungA2,steigungB2,steigungC2,senkungA2,senkungB2,senkungC2,mittelA2,mittelB2,mittelC2,gesamtA2,gesamtB2,gesamtC2,fftAnfangMedian2,fftAnfangMittel2,fftAnfangPSD2,fftMitteMedian2,fftMitteMittel2,fftMittePSD2,fftEndeMedian2,fftEndeMittel2,fftEndePSD2,fftGesamtMedian2,fftGesamtMittel2,fftGesamtPSD2,mittelwert2,signalstärke2,varianz2,standardabweichung2,energie2,kurtosis2,schiefe2,zeroCrossings2,laenge2,maximalwert2,minimalwert2,minimumSteigungWert3,maximumSteigungWert3,minimumSenkungWert3,maximumSenkungWert3,steigungA3,steigungB3,steigungC3,senkungA3,senkungB3,senkungC3,mittelA3,mittelB3,mittelC3,gesamtA3,gesamtB3,gesamtC3,fftAnfangMedian3,fftAnfangMittel3,fftAnfangPSD3,fftMitteMedian3,fftMitteMittel3,fftMittePSD3,fftEndeMedian3,fftEndeMittel3,fftEndePSD3,fftGesamtMedian3,fftGesamtMittel3,fftGesamtPSD3,mittelwert3,signalstärke3,varianz3,standardabweichung3,energie3,kurtosis3,schiefe3,zeroCrossings3,laenge3,maximalwert3,minimalwert3
Finger1,null,null,null,null,null,null,null,null,null,null,null,null,null,null,null,null,null,null,null,null,null,null,null,null,null,null,null,null,null,null,null,null,null,null,null,null,null,null,null,62.660308660709376,284.2797151794439,96.98296951906111,317.6640568876091,0.0,0.0,0.0,286.84606384645303,-73.06452432114258,5.577205216179792,0.0,0.0,0.0,0.0,0.0,0.0,0.0,0.0,0.0,0.0,0.0,0.0,0.0,0.0,0.0,0.0,0.0,0.0,-0.7710775698989769,9258.794505510892,53229.82283256051,230.71589202428277,1314132.352177497,1.7438550850786045,0.9819967800428958,7.0,99.0,807.77893,-405.75256,null,null,null,null,null,null,null,null,null,null,null,null,null,null,null,null,null,null,null,null,null,null,null,null,null,null,null,null,null,null,null,null,null,null,null,null,null,null,null
Finger1,null,null,null,null,null,null,null,null,null,null,null,null,null,null,null,null,null,null,null,null,null,null,null,null,null,null,null,null,null,null,null,null,null,null,null,null,null,null,null,87.88096022195893,197.80991538491787,49.09322753806297,249.73341582046726,136.8851089621404,-4.809026665500639,0.04052245485283404,136.8851089621404,-4.809026665500639,0.04052245485283404,202.82855276688792,-5.31685221219313,0.03502593930709891,0.0,0.0,0.0,1.0,1.8500746209567234,1.2239417895445423E7,0.0,0.0,0.0,0.0,0.0,0.0,0.0,0.0,0.0,-27.140440533138687,7949.166725529714,29999.197132425586,173.2027630623299,1079490.0478436248,3.518468734193731,0.45951059975555275,16.0,137.0,645.0348,-461.74622,null,null,null,null,null,null,null,null,null,null,null,null,null,null,null,null,null,null,null,null,null,null,null,null,null,null,null,null,null,null,null,null,null,null,null,null,null,null,null
Finger1,null,null,null,null,null,null,null,null,null,null,null,null,null,null,null,null,null,null,null,null,null,null,null,null,null,null,null,null,null,null,null,null,null,null,null,null,null,null,null,47.92994406437632,286.25446654859695,130.79260270912008,342.94850074941377,0.0,0.0,0.0,124.69369319868929,17.89111461131347,-0.7384311177697178,288.03752925253445,-76.58176559041738,5.707088293257073,124.69369319868929,17.89111461131347,-0.7384311177697178,3.0,4.354729690235555,9.146109126687078E7,0.0,0.0,0.0,1.0,0.864135240353322,2.4726632092705667E7,5.0,5.149321142433411,2.4646029473517325E7,9.24902319999998,4866.364237536555,186005.46107216922,431.28350428942815,1107962.4264290328,-1.1877381147253343,0.5821774680419014,1.0,25.0,833.5602,-458.72498,null,null,null,null,null,null,null,null,null,null,null,null,null,null,null,null,null,null,null,null,null,null,null,null,null,null,null,null,null,null,null,null,null,null,null,null,null,null,null
Finger1,null,null,null,null,null,null,null,null,null,null,null,null,null,null,null,null,null,null,null,null,null,null,null,null,null,null,null,null,null,null,null,null,null,null,null,null,null,null,null,null,null,null,null,null,null,null,null,null,null,null,null,null,null,null,null,null,null,null,null,null,null,null,null,null,null,null,null,null,null,null,null,null,null,null,null,null,null,null,57.37807209441889,135.84241976272608,81.64430611892546,157.16877623954085,103.24218325453819,-0.08664231226383645,5.48405723183377E-5,0.0,0.0,0.0,0.0,0.0,0.0,0.0,0.0,0.0,0.0,0.0,0.0,0.0,0.35687055442420157,401535.6493128969,0.0,0.0,0.0,0.0,0.0,0.0,0.0,0.0,0.0,0.0,0.0,0.0,0.0,0.0,0.0,0.0,0.0
Finger1,null,null,null,null,null,null,null,null,null,null,null,null,null,null,null,null,null,null,null,null,null,null,null,null,null,null,null,null,null,null,null,null,null,null,null,null,null,null,null,null,null,null,null,null,null,null,null,null,null,null,null,null,null,null,null,null,null,null,null,null,null,null,null,null,null,null,null,null,null,null,null,null,null,null,null,null,null,null,159.6540032533767,333.2096459956529,202.94933919307036,345.4407420998584,199.61595084568125,51.909092047530066,-3.822268455221831,199.61595084568125,51.909092047530066,-3.822268455221831,199.61595084568125,51.909092047530066,-3.822268455221831,199.61595084568125,51.909092047530066,-3.822268455221831,1.0,0.8583155343076934,5523837.962642679,0.0,0.0,0.0,1.0,0.8421536644483798,3.457895710880012E7,0.0,0.0,0.0,-573.28662875,4683.333376755596,41559.032178290036,203.8603251696858,1468661.3145701985,-1.2800265999886622,0.37918040549859267,0.0,16.0,-202.72522,-837.4878
Finger1,null,null,null,null,null,null,null,null,null,null,null,null,null,null,null,null,null,null,null,null,null,null,null,null,null,null,null,null,null,null,null,null,null,null,null,null,null,null,null,null,null,null,null,null,null,null,null,null,null,null,null,null,null,null,null,null,null,null,null,null,null,null,null,null,null,null,null,null,null,null,null,null,null,null,null,null,null,null,87.8296878085153,460.6413534124112,174.7899729306671,502.7240250408991,160.67272214942227,110.57610703343778,-9.278914313116957,160.67272214942227,110.57610703343778,-9.278914313116957,160.67272214942227,110.57610703343778,-9.278914313116957,160.67272214942227,110.57610703343778,-9.278914313116957,1.0,1.2595117734132792,858623.7180442867,0.0,0.0,3041398.4348355136,1.0,0.8310983413200391,6.102686217344267E7,0.0,0.0,0.0,554.1314278571429,4712.413029298666,249737.80992924634,499.7377411495417,1869919.4164546493,-1.4336989731540017,-0.45672584104665326,1.0,14.0,1112.4207,-289.03198
Finger1,null,null,null,null,null,null,null,null,null,null,null,null,null,null,null,null,null,null,null,null,null,null,null,null,null,null,null,null,null,null,null,null,null,null,null,null,null,null,null,null,null,null,null,null,null,null,null,null,null,null,null,null,null,null,null,null,null,null,null,null,null,null,null,null,null,null,null,null,null,null,null,null,null,null,null,null,null,null,63.98501650356229,198.32626429503065,134.8929684259467,190.96146292918567,142.04624949346578,-0.5587468183457993,0.0011115911137470902,142.04624949346578,-0.5587468183457993,0.0011115911137470902,142.04624949346578,-0.5587468183457993,0.0011115911137470902,142.04624949346578,-0.5587468183457993,0.0011115911137470902,6.0,8.57650737344837,1.8829576625023755E8,1.0,0.838157223036405,2.3808012074696556E7,46.0,70.11274546186279,2.731896002741331E9,0.0,0.0,0.0,2.4980635384401095,32161.21189381524,42409.702689566315,205.93616168503848,3791910.552197315,-0.5013164524453582,0.16240257804556604,23.0,359.0,571.51794,-448.8556
Finger1,null,null,null,null,null,null,null,null,null,null,null,null,null,null,null,null,null,null,null,null,null,null,null,null,null,null,null,null,null,null,null,null,null,null,null,null,null,null,null,null,null,null,null,null,null,null,null,null,null,null,null,null,null,null,null,null,null,null,null,null,null,null,null,null,null,null,null,null,null,null,null,null,null,null,null,null,null,null,71.4917241119183,517.9969198162913,157.9949818593672,582.4784892581324,558.882075831807,-76.61479696808169,6.3163095102404725,558.882075831807,-76.61479696808169,6.3163095102404725,558.882075831807,-76.61479696808169,6.3163095102404725,558.882075831807,-76.61479696808169,6.3163095102404725,2.0,1.7752766543879321,128002.4302709295,0.0,0.0,2337069.041056051,3.0,3.072620077107234,5.676632652918037E7,0.0,0.0,0.0,186.78965800000006,6722.6666578078475,729651.1512703364,854.196201858997,3056231.820369512,-1.2239210518860788,-0.11466677135934662,2.0,17.0,1457.4463,-1302.8595
Finger1,null,null,null,null,null,null,null,null,null,null,null,null,null,null,null,null,null,null,null,null,null,null,null,null,null,null,null,null,null,null,null,null,null,null,null,null,null,null,null,null,null,null,null,null,null,null,null,null,null,null,null,null,null,null,null,null,null,null,null,null,null,null,null,null,null,null,null,null,null,null,null,null,null,null,null,null,null,null,83.0462071701088,331.9001551325083,128.662155999377,350.64804952731123,129.36005069260068,78.74868335545943,-6.656571391884526,129.36005069260068,78.74868335545943,-6.656571391884526,129.36005069260068,78.74868335545943,-6.656571391884526,129.36005069260068,78.74868335545943,-6.656571391884526,0.0,0.7722070858997062,393709.57688226236,0.0,0.35606203464673064,4912635.832337884,0.0,0.0,0.0,0.0,0.0,0.0,447.7478025,3525.4389263833827,102729.23465906827,320.51401632232603,1039172.2943258735,-1.4413915569919225,-0.3153148018823812,1.0,14.0,825.70496,-111.8866
Finger1,null,null,null,null,null,null,null,null,null,null,null,null,null,null,null,null,null,null,null,null,null,null,null,null,null,null,null,null,null,null,null,null,null,null,null,null,null,null,null,null,null,null,null,null,null,null,null,null,null,null,null,null,null,null,null,null,null,null,null,null,null,null,null,null,null,null,null,null,null,null,null,null,null,null,null,null,null,null,265.0427474137342,540.0972069415262,107.5206816878536,650.5480664057111,212.5359129933363,21.176458997202985,-0.5417249507218251,212.5359129933363,21.176458997202985,-0.5417249507218251,212.5359129933363,21.176458997202985,-0.5417249507218251,212.5359129933363,21.176458997202985,-0.5417249507218251,3.0,4.538410156105924,1.0839520563846147E8,0.0,0.0,2751490.0456345603,2.0,2.539836777481401,7.269118504878516E7,0.0,0.0,0.0,11.203765194444458,12915.34302286102,593709.8201814676,770.5256778209715,5406588.296414719,-0.7550103756386188,0.3401044200963172,5.0,36.0,1629.7577,-1263.4827
Finger1,null,null,null,null,null,null,null,null,null,null,null,null,null,null,null,null,null,null,null,null,null,null,null,null,null,null,null,null,null,null,null,null,null,null,null,null,null,null,null,null,null,null,null,null,null,null,null,null,null,null,null,null,null,null,null,null,null,null,null,null,null,null,null,null,null,null,null,null,null,null,null,null,null,null,null,null,null,null,161.8787905151415,428.2808647119605,98.04774646366258,459.62756891648644,221.86617506578068,-4.562314915374188,-4.562314915374188,0.0,0.0,0.0,221.86617506578068,-4.562314915374188,0.05133837232255778,221.86617506578068,-4.562314915374188,-4.562314915374188,15.0,18.902805330836735,2.3458519047865936E8,0.0,NaN,0.0,0.0,0.0,0.0,14.0,18.21763794514021,6.592129619275674E8,67.27859642149535,18537.726419497052,157076.1183912176,396.328296228288,4324486.110622324,-0.44202464719422485,0.33832151914591174,11.0,107.0,977.1698,-761.55396
Finger1,null,null,null,null,null,null,null,null,null,null,null,null,null,null,null,null,null,null,null,null,null,null,null,null,null,null,null,null,null,null,null,null,null,null,null,null,null,null,null,null,null,null,null,null,null,null,null,null,null,null,null,null,null,null,null,null,null,null,null,null,null,null,null,null,null,null,null,null,null,null,null,null,null,null,null,null,null,null,18.404467899822276,244.76177187581555,79.88673021733491,312.91270474861534,118.3759635710129,-4.333001979212497,0.08274504708040453,118.3759635710129,-4.333001979212497,0.08274504708040453,114.26245292229589,6.244180463649144,-0.3334448665730765,0.0,0.0,0.0,23.0,35.044913589274465,5.282606977146707E8,0.0,0.0,0.0,3.0,4.459655656228593,2.9471798972479068E7,0.0,0.0,0.0,2.3597367691370597,18607.799329861253,47166.783185449574,217.17914997865142,2309303.925661976,0.4796135162079387,0.5735292957376575,11.0,197.0,751.6846,-427.90833
Finger1,null,null,null,null,null,null,null,null,null,null,null,null,null,null,null,null,null,null,null,null,null,null,null,null,null,null,null,null,null,null,null,null,null,null,null,null,null,null,null,null,null,null,null,null,null,null,null,null,null,null,null,null,null,null,null,null,null,null,null,null,null,null,null,null,null,null,null,null,null,null,null,null,null,null,null,null,null,null,70.94015354886237,339.3581932220579,118.03939253631575,376.7745182227606,68.2860421991877,44.693240696746784,-2.24464520935965,68.2860421991877,44.693240696746784,-2.24464520935965,68.2860421991877,44.693240696746784,-2.24464520935965,68.2860421991877,44.693240696746784,-2.24464520935965,1.0,1.6441504616626808,2.042894680534784E7,0.0,0.0,968291.2668811264,1.0,0.8444892798271693,3.1995628808041163E7,0.0,0.0,0.0,-101.26693705,4313.162909930126,226053.9611704293,475.45132366040303,1128746.8262198446,-1.3508311051073456,-0.500044631477211,1.0,20.0,474.0326,-905.06287
Finger1,null,null,null,null,null,null,null,null,null,null,null,null,null,null,null,null,null,null,null,null,null,null,null,null,null,null,null,null,null,null,null,null,null,null,null,null,null,null,null,null,null,null,null,null,null,null,null,null,null,null,null,null,null,null,null,null,null,null,null,null,null,null,null,null,null,null,null,null,null,null,null,null,null,null,null,null,null,null,46.53991524547898,241.97176938091022,105.97182812274202,248.8062927249313,97.01809889542551,56.05044988739735,-4.466357986306356,97.01809889542551,56.05044988739735,-4.466357986306356,97.01809889542551,56.05044988739735,-4.466357986306356,97.01809889542551,56.05044988739735,-4.466357986306356,2.0,1.7609969581542855,131660.33177517424,0.0,0.3344320711795827,4908167.1643363,1.0,0.8432349409236648,1.7577398189080667E7,0.0,0.0,0.0,329.45617366666664,2807.21536647735,63033.481705201135,251.06469625417495,624714.7788980668,-1.2701751748384376,-0.41414579983104444,1.0,15.0,646.7468,-103.22571
Finger1,null,null,null,null,null,null,null,null,null,null,null,null,null,null,null,null,null,null,null,null,null,null,null,null,null,null,null,null,null,null,null,null,null,null,null,null,null,null,null,null,null,null,null,null,null,null,null,null,null,null,null,null,null,null,null,null,null,null,null,null,null,null,null,null,null,null,null,null,null,null,null,null,null,null,null,null,null,null,87.74267130408644,326.7455496845057,95.25338627106595,375.48090061666517,306.71712488666844,-26.947246151801664,0.5085034304655807,97.96245691066633,-1.2078585217145914,0.01202680967098052,306.71712488666844,-26.947246151801664,0.5085034304655807,97.96245691066633,-1.2078585217145914,0.01202680967098052,30.0,37.4092899577395,7.445042598609478E8,0.0,0.0,1309295.2240464722,2.0,2.4872929857659174,2.2896509212055E7,0.0,0.0,0.0,-5.374086914267534,15954.916084120325,63594.370245910104,252.17924229783486,2510856.0149871716,1.590928472881851,0.6462234216611868,16.0,157.0,879.9866,-558.728
Finger1,null,null,null,null,null,null,null,null,null,null,null,null,null,null,null,null,null,null,null,null,null,null,null,null,null,null,null,null,null,null,null,null,null,null,null,null,null,null,null,null,null,null,null,null,null,null,null,null,null,null,null,null,null,null,null,null,null,null,null,null,null,null,null,null,null,null,null,null,null,null,null,null,null,null,null,null,null,null,73.80269638032074,175.57634964898088,152.14693206366283,201.74882514699536,89.91499863433546,-0.04463578283937375,3.0227945781466023E-5,89.91499863433546,-0.04463578283937375,3.0227945781466023E-5,89.91499863433546,-0.04463578283937375,3.0227945781466023E-5,89.91499863433546,-0.04463578283937375,3.0227945781466023E-5,0.0,0.0,0.0,0.0,0.0,0.0,0.0,0.0,0.0,0.0,0.0,0.0,0.0,0.0,0.0,0.0,0.0,0.0,0.0,0.0,0.0,0.0,0.0
Finger1,null,null,null,null,null,null,null,null,null,null,null,null,null,null,null,null,null,null,null,null,null,null,null,null,null,null,null,null,null,null,null,null,null,null,null,null,null,null,null,null,null,null,null,null,null,null,null,null,null,null,null,null,null,null,null,null,null,null,null,null,null,null,null,null,null,null,null,null,null,null,null,null,null,null,null,null,null,null,54.600668040789,276.0326518194971,147.47480717284787,310.7105175654295,139.8654944965997,29.575241797151705,-1.4690922060698277,139.8654944965997,29.575241797151705,-1.4690922060698277,139.8654944965997,29.575241797151705,-1.4690922060698277,139.8654944965997,29.575241797151705,-1.4690922060698277,1.0,1.820516431023229,7.024728829665546E7,0.0,0.35935357617208397,3891762.4810631117,0.0,0.0,0.0,0.0,0.0,0.0,-429.8743220434782,5124.237627464866,41292.103910936494,203.20458634326266,1275618.9671924168,-0.024605536233009317,0.6207238182884598,1.0,23.0,76.94092,-738.089
Finger1,null,null,null,null,null,null,null,null,null,null,null,null,null,null,null,null,null,null,null,null,null,null,null,null,null,null,null,null,null,null,null,null,null,null,null,null,null,null,null,null,null,null,null,null,null,null,null,null,null,null,null,null,null,null,null,null,null,null,null,null,null,null,null,null,null,null,null,null,null,null,null,null,null,null,null,null,null,null,44.28827493176686,234.4867784306406,117.68916534401524,275.4735331421734,120.48859202369454,53.72071999346434,-4.427090660653313,120.48859202369454,53.72071999346434,-4.427090660653313,120.48859202369454,53.72071999346434,-4.427090660653313,120.48859202369454,53.72071999346434,-4.427090660653313,0.0,0.7479826850729082,681745.965054518,0.0,0.3346970277182204,6275232.81400704,1.0,0.8421892698648267,1.735821276734995E7,0.0,0.0,0.0,370.7531761333333,2954.5074603109624,50128.49664791146,223.8939406234824,687021.0824864749,-1.2569662661667274,-0.32936488270060565,1.0,15.0,656.01196,-46.5271
Finger1,null,null,null,null,null,null,null,null,null,null,null,null,null,null,null,null,null,null,null,null,null,null,null,null,null,null,null,null,null,null,null,null,null,null,null,null,null,null,null,null,null,null,null,null,null,null,null,null,null,null,null,null,null,null,null,null,null,null,null,null,null,null,null,null,null,null,null,null,null,null,null,null,null,null,null,null,null,null,78.8586337421169,329.4257636505427,153.50337881385983,350.4995205609605,335.291411325117,-80.51649801573717,5.6787409804973095,0.0,0.0,0.0,335.291411325117,-80.51649801573717,5.6787409804973095,335.291411325117,-80.51649801573717,5.6787409804973095,10.0,11.946541624664755,7.570013851109025E7,0.0,0.0,0.0,0.0,0.0,0.0,0.0,0.0,0.0,-90.57183435614033,8010.303132372905,110636.75643035739,332.6210402700908,1657615.87198487,-0.019926808049909095,-0.17444816378433023,3.0,57.0,648.25745,-887.13684
Finger1,null,null,null,null,null,null,null,null,null,null,null,null,null,null,null,null,null,null,null,null,null,null,null,null,null,null,null,null,null,null,null,null,null,null,null,null,null,null,null,null,null,null,null,null,null,null,null,null,null,null,null,null,null,null,null,null,null,null,null,null,null,null,null,null,null,null,null,null,null,null,null,null,null,null,null,null,null,null,93.18098829068069,214.08507711184515,79.4410026609076,281.8624099426521,124.29838592060855,-1.7162645065183568,0.012756352924239045,124.29838592060855,-1.7162645065183568,0.012756352924239045,124.29838592060855,-1.7162645065183568,0.012756352924239045,124.29838592060855,-1.7162645065183568,0.012756352924239045,2.0,1.5328316406600673,70141.03488760331,0.0,0.3552313805691908,2922668.5693921186,0.0,0.0,0.0,0.0,0.0,0.0,-3.400003367924544,15603.014562348138,48526.90676162612,220.28823564054917,1951318.5276076805,0.11721872526148536,0.44403483950406686,8.0,159.0,681.08826,-515.7257
Finger1,null,null,null,null,null,null,null,null,null,null,null,null,null,null,null,null,null,null,null,null,null,null,null,null,null,null,null,null,null,null,null,null,null,null,null,null,null,null,null,null,null,null,null,null,null,null,null,null,null,null,null,null,null,null,null,null,null,null,null,null,null,null,null,null,null,null,null,null,null,null,null,null,null,null,null,null,null,null,24.94678790957149,172.64736504454032,79.60604343340731,216.28511230050282,174.11600357258646,-36.604335379532074,1.2616160065969666,89.9607200464103,-0.2528739262946669,7.217192795290032E-4,174.11600357258646,-36.604335379532074,1.2616160065969666,0.0,0.0,0.0,0.0,0.0,0.0,0.0,0.7673957743382785,7891999.609855727,0.0,0.0,0.0,0.0,0.0,0.0,0.07837996154735309,34764.97622619328,31993.487270481146,178.86723364127133,3453952.4118402903,-0.6663123403453355,0.06356312816489036,26.0,433.0,550.16785,-443.51807
Finger1,null,null,null,null,null,null,null,null,null,null,null,null,null,null,null,null,null,null,null,null,null,null,null,null,null,null,null,null,null,null,null,null,null,null,null,null,null,null,null,null,null,null,null,null,null,null,null,null,null,null,null,null,null,null,null,null,null,null,null,null,null,null,null,null,null,null,null,null,null,null,null,null,null,null,null,null,null,null,64.83216786429979,183.10478418457615,81.38889337867106,201.76611369580638,76.72013390213613,-0.06266211588029336,6.972406562197608E-4,76.72013390213613,-0.06266211588029336,6.972406562197608E-4,76.72013390213613,-0.06266211588029336,6.972406562197608E-4,76.72013390213613,-0.06266211588029336,6.972406562197608E-4,47.0,70.00491690178292,1.8134853454100318E9,0.0,0.3372552154343082,2820910.619517601,6.0,9.06609754381894,2.5417488535014874E8,0.0,0.0,0.0,-3.08867073939131,32252.364744706265,44443.43829042171,210.81612436059467,3837214.615177959,-0.7978652866673048,0.014336168649762629,22.0,345.0,556.71387,-416.02478
Finger1,null,null,null,null,null,null,null,null,null,null,null,null,null,null,null,null,null,null,null,null,null,null,null,null,null,null,null,null,null,null,null,null,null,null,null,null,null,null,null,null,null,null,null,null,null,null,null,null,null,null,null,null,null,null,null,null,null,null,null,null,null,null,null,null,null,null,null,null,null,null,null,null,null,null,null,null,null,null,74.13759014751112,283.3652218744581,113.63063408421142,310.0066751618453,292.705096080952,-81.9025853407843,7.245888841007542,292.705096080952,-81.9025853407843,7.245888841007542,292.705096080952,-81.9025853407843,7.245888841007542,292.705096080952,-81.9025853407843,7.245888841007542,1.0,1.1229852217398588,438617.9928497692,0.0,0.0,867220.8818843025,1.0,0.8282570082317418,2.1471416649904035E7,0.0,0.0,0.0,290.7440176923077,2636.6764444177884,126754.60162586055,356.0261249204341,642625.0540933514,-1.7245999176031614,-0.17329289429752942,1.0,13.0,739.09607,-211.38611
Finger1,null,null,null,null,null,null,null,null,null,null,null,null,null,null,null,null,null,null,null,null,null,null,null,null,null,null,null,null,null,null,null,null,null,null,null,null,null,null,null,null,null,null,null,null,null,null,null,null,null,null,null,null,null,null,null,null,null,null,null,null,null,null,null,null,null,null,null,null,null,null,null,null,null,null,null,null,null,null,50.57929732870137,222.8650988793795,59.16312247924562,266.2917121366539,235.4103987609359,-13.372922708640488,0.2604546926303346,235.4103987609359,-13.372922708640488,0.2604546926303346,235.4103987609359,-13.372922708640488,0.2604546926303346,235.4103987609359,-13.372922708640488,0.2604546926303346,1.0,1.1039481621210707,313563.02345947427,0.0,0.33496110056803946,5681795.441298492,6.0,8.799265345833506,8.002844358996047E7,0.0,0.0,0.0,48.337555931818194,4852.586703081987,74456.65070095254,272.8674599525428,837316.0673239883,-0.1911150300830462,0.7666226139356933,4.0,44.0,667.8955,-366.87927
Finger1,null,null,null,null,null,null,null,null,null,null,null,null,null,null,null,null,null,null,null,null,null,null,null,null,null,null,null,null,null,null,null,null,null,null,null,null,null,null,null,null,null,null,null,null,null,null,null,null,null,null,null,null,null,null,null,null,null,null,null,null,null,null,null,null,null,null,null,null,null,null,null,null,null,null,null,null,null,null,163.58365293903205,377.7990264202712,108.88661957771096,421.5464477015085,234.68393225677482,2.435681651180545,-0.020480359709744933,234.68393225677482,2.435681651180545,-0.020480359709744933,234.68393225677482,2.435681651180545,-0.020480359709744933,234.68393225677482,2.435681651180545,-0.020480359709744933,18.0,20.374138259638105,1.6234599730366971E9,0.0,0.0,0.0,0.0,0.0,0.0,0.0,0.0,0.0,-15.784555103773588,30414.9500181922,389846.6281233375,624.376991987483,1.0331311001554994E7,-0.8643500431941735,0.3626201444105514,11.0,106.0,1255.1239,-1154.3152
Finger1,null,null,null,null,null,null,null,null,null,null,null,null,null,null,null,null,null,null,null,null,null,null,null,null,null,null,null,null,null,null,null,null,null,null,null,null,null,null,null,null,null,null,null,null,null,null,null,null,null,null,null,null,null,null,null,null,null,null,null,null,null,null,null,null,null,null,null,null,null,null,null,null,null,null,null,null,null,null,53.47611390765246,268.7647635535788,164.91570642140496,295.0370259063947,239.77707800182384,-6.802244122756591,0.0918980753538432,239.77707800182384,-6.802244122756591,0.0918980753538432,239.77707800182384,-6.802244122756591,0.0918980753538432,239.77707800182384,-6.802244122756591,0.0918980753538432,7.0,10.19336063049351,5.560784135520261E7,0.0,0.0,0.0,0.0,0.0,0.0,0.0,0.0,0.0,-68.86496426068491,11300.322673371853,112625.96677380872,335.5979242692194,2100241.941518829,-1.4162260639640207,-0.318222269451284,3.0,73.0,399.71008,-709.3872
Finger1,null,null,null,null,null,null,null,null,null,null,null,null,null,null,null,null,null,null,null,null,null,null,null,null,null,null,null,null,null,null,null,null,null,null,null,null,null,null,null,null,null,null,null,null,null,null,null,null,null,null,null,null,null,null,null,null,null,null,null,null,null,null,null,null,null,null,null,null,null,null,null,null,null,null,null,null,null,null,41.6638538971203,216.12484559148967,98.64964003836005,259.0491157531135,131.62392683224823,-1.0147711541193338,0.004694814963516009,0.0,0.0,0.0,131.62392683224823,-1.0147711541193338,0.004694814963516009,0.0,0.0,0.0,0.0,0.0,0.0,0.0,0.0,0.0,25.0,37.07260222639658,1.5434010878462033E9,0.0,0.0,0.0,-0.05667992120602555,18441.00233019603,42803.465978171356,206.88998520511174,2121758.4783395007,-0.5276409643184032,0.32237111109118416,12.0,199.0,593.8751,-351.26953
Finger1,null,null,null,null,null,null,null,null,null,null,null,null,null,null,null,null,null,null,null,null,null,null,null,null,null,null,null,null,null,null,null,null,null,null,null,null,null,null,null,null,null,null,null,null,null,null,null,null,null,null,null,null,null,null,null,null,null,null,null,null,null,null,null,null,null,null,null,null,null,null,null,null,null,null,null,null,null,null,46.1588544603901,248.43713849438976,82.11813265455527,259.1459625343126,98.61517023796637,-2.7836843679492347,0.09476196228079736,98.61517023796637,-2.7836843679492347,0.09476196228079736,98.61517023796637,-2.7836843679492347,0.09476196228079736,98.61517023796637,-2.7836843679492347,0.09476196228079736,6.0,8.050762710688888,3.418795213813357E7,0.0,0.33525066261182357,5326106.001996797,0.0,0.0,0.0,0.0,0.0,0.0,-39.32274713148148,6178.322656150631,71997.83226516076,268.32411793418936,979567.3484221472,-0.43781312419260887,-0.8614282745064971,5.0,54.0,301.62048,-643.6249
Finger1,null,null,null,null,null,null,null,null,null,null,null,null,null,null,null,null,null,null,null,null,null,null,null,null,null,null,null,null,null,null,null,null,null,null,null,null,null,null,null,null,null,null,null,null,null,null,null,null,null,null,null,null,null,null,null,null,null,null,null,null,null,null,null,null,null,null,null,null,null,null,null,null,null,null,null,null,null,null,144.118023493909,410.77190729553257,212.1478818163004,452.61792468622303,307.8238150154648,-3.2304770152803712,0.09672015033588721,307.8238150154648,-3.2304770152803712,0.09672015033588721,307.8238150154648,-3.2304770152803712,0.09672015033588721,307.8238150154648,-3.2304770152803712,0.09672015033588721,2.0,3.5379439792042047,2.3653432217180136E8,0.0,0.0,2018640.2458899596,1.0,0.8446962585960143,5.187304388555326E7,0.0,0.0,0.0,60.60607766666655,8656.897838018833,391064.5164904376,625.3515143424837,2867512.0943081123,-1.278873266931355,-0.4195633873546251,1.0,30.0,901.3367,-1059.6497
Finger1,null,null,null,null,null,null,null,null,null,null,null,null,null,null,null,null,null,null,null,null,null,null,null,null,null,null,null,null,null,null,null,null,null,null,null,null,null,null,null,null,null,null,null,null,null,null,null,null,null,null,null,null,null,null,null,null,null,null,null,null,null,null,null,null,null,null,null,null,null,null,null,null,null,null,null,null,null,null,24.175964056545926,275.3600512638815,136.75614002995124,349.012243418916,260.4862519915241,2.4099390266454463,-0.09121609627637639,260.4862519915241,2.4099390266454463,-0.09121609627637639,260.4862519915241,2.4099390266454463,-0.09121609627637639,260.4862519915241,2.4099390266454463,-0.09121609627637639,7.0,8.676682717471454,3.844791256677648E8,0.0,0.0,0.0,3.0,4.008201552461414,2.730672632489977E7,7.0,8.546367596004334,1.269562309349788E9,-74.30048101718754,13744.810687168729,230360.5656000115,479.9589207421938,3705306.9080864415,-1.0837065767763627,0.18224220128732244,4.0,64.0,817.4469,-806.1676
Finger1,null,null,null,null,null,null,null,null,null,null,null,null,null,null,null,null,null,null,null,null,null,null,null,null,null,null,null,null,null,null,null,null,null,null,null,null,null,null,null,null,null,null,null,null,null,null,null,null,null,null,null,null,null,null,null,null,null,null,null,null,null,null,null,null,null,null,null,null,null,null,null,null,null,null,null,null,null,null,71.49472731767253,298.98842461953626,104.72742571369173,353.44655538787583,0.0,0.0,0.0,118.69313344788338,-3.270764942886217,4.173772260009628,118.69313344788338,-3.270764942886217,4.173772260009628,118.69313344788338,-3.270764942886217,4.173772260009628,2.0,2.406478011554168,6240126.048209116,0.0,0.0,0.0,0.0,0.0,0.0,0.0,0.0,0.0,-207.51181152941177,3489.6337858527218,170924.49093582918,413.43015242702023,873471.0141270477,-1.4589689652177658,-0.12647750446357445,2.0,17.0,383.5968,-839.9048
Finger1,null,null,null,null,null,null,null,null,null,null,null,null,null,null,null,null,null,null,null,null,null,null,null,null,null,null,null,null,null,null,null,null,null,null,null,null,null,null,null,null,null,null,null,null,null,null,null,null,null,null,null,null,null,null,null,null,null,null,null,null,null,null,null,null,null,null,null,null,null,null,null,null,null,null,null,null,null,null,42.35211782987677,364.77097880056687,128.4888812807135,395.4569251817382,108.57698297623392,78.47814214401285,-5.2613394320050375,108.57698297623392,78.47814214401285,-5.2613394320050375,108.57698297623392,78.47814214401285,-5.2613394320050375,0.0,0.0,0.0,1.0,0.9570784670489956,1.2210294635935018E7,0.0,0.3555957582835111,7054940.987793127,1.0,0.859603717420613,3.7852081203520216E7,0.0,0.0,0.0,512.20093,4647.872252987948,98957.43351503373,314.57500459355276,1506685.6047831334,-1.2586369772210868,-0.3342756783510635,1.0,17.0,967.50183,-77.84729
Finger1,null,null,null,null,null,null,null,null,null,null,null,null,null,null,null,null,null,null,null,null,null,null,null,null,null,null,null,null,null,null,null,null,null,null,null,null,null,null,null,null,null,null,null,null,null,null,null,null,null,null,null,null,null,null,null,null,null,null,null,null,null,null,null,null,null,null,null,null,null,null,null,null,null,null,null,null,null,null,95.52536740505431,378.94132190905134,147.09430809388988,429.9100630621159,194.89855887760336,-9.500031807981316,0.24236208723548103,194.89855887760336,-9.500031807981316,0.24236208723548103,194.89855887760336,-9.500031807981316,0.24236208723548103,194.89855887760336,-9.500031807981316,0.24236208723548103,7.0,9.262510500305162,1.4150099914790398E8,0.0,0.0,1184070.4877890009,0.0,0.0,0.0,0.0,0.0,0.0,-16.563616811320735,8927.703258431053,180955.6843299606,425.3888624893235,2346891.0355082448,0.45260674492817365,0.3470487408669228,3.0,53.0,1051.0895,-940.7135
Finger1,null,null,null,null,null,null,null,null,null,null,null,null,null,null,null,null,null,null,null,null,null,null,null,null,null,null,null,null,null,null,null,null,null,null,null,null,null,null,null,null,null,null,null,null,null,null,null,null,null,null,null,null,null,null,null,null,null,null,null,null,null,null,null,null,null,null,null,null,null,null,null,null,null,null,null,null,null,null,74.03457279313467,169.12414408052635,74.15005242364217,187.4566733413652,164.87052616551568,-2.101817708382015,0.027202709616407583,164.87052616551568,-2.101817708382015,0.027202709616407583,164.87052616551568,-2.101817708382015,0.027202709616407583,164.87052616551568,-2.101817708382015,0.027202709616407583,2.0,3.7957232835846457,9.403201863604842E7,0.0,0.3367428443358443,2532026.0753188,0.0,0.0,0.0,0.0,0.0,0.0,-18.582640566666644,10281.95877618369,90789.93407245999,301.3136805265569,1705961.0893861495,-1.1992557275370408,-0.16937094857262647,6.0,75.0,500.21667,-546.1395
Finger1,null,null,null,null,null,null,null,null,null,null,null,null,null,null,null,null,null,null,null,null,null,null,null,null,null,null,null,null,null,null,null,null,null,null,null,null,null,null,null,null,null,null,null,null,null,null,null,null,null,null,null,null,null,null,null,null,null,null,null,null,null,null,null,null,null,null,null,null,null,null,null,null,null,null,null,null,null,null,63.89985850262242,293.87759922767526,100.11703167122825,318.2479533371856,36.851957698497245,51.3036594895043,-2.8212392820856635,36.851957698497245,51.3036594895043,-2.8212392820856635,36.851957698497245,51.3036594895043,-2.8212392820856635,36.851957698497245,51.3036594895043,-2.8212392820856635,0.0,0.0,0.0,0.0,0.0,0.0,0.0,0.0,0.0,0.0,0.0,0.0,-154.01611416666663,3476.8830223127393,161888.562132548,402.3537773310299,805295.8806004514,-1.637410946773882,-0.2723548631656852,1.0,18.0,351.26953,-777.1637
Finger1,null,null,null,null,null,null,null,null,null,null,null,null,null,null,null,null,null,null,null,null,null,null,null,null,null,null,null,null,null,null,null,null,null,null,null,null,null,null,null,null,null,null,null,null,null,null,null,null,null,null,null,null,null,null,null,null,null,null,null,null,null,null,null,null,null,null,null,null,null,null,null,null,null,null,null,null,null,null,179.54386153063788,417.5652751561397,203.8805012842791,427.8733032930548,189.3519776311864,72.66434596824001,-4.977539089125756,189.3519776311864,72.66434596824001,-4.977539089125756,189.3519776311864,72.66434596824001,-4.977539089125756,189.3519776311864,72.66434596824001,-4.977539089125756,0.0,0.0,0.0,0.0,0.3338733473441514,1.5806991738791067E7,1.0,0.8350870945292636,5.399202592781119E7,0.0,0.0,0.0,-583.2441287500001,5577.2046896653765,181153.87590654413,425.6217521538862,2089113.4954105306,-0.04695539729523235,1.1109390807526691,1.0,16.0,424.28284,-996.60645
Finger1,null,null,null,null,null,null,null,null,null,null,null,null,null,null,null,null,null,null,null,null,null,null,null,null,null,null,null,null,null,null,null,null,null,null,null,null,null,null,null,null,null,null,null,null,null,null,null,null,null,null,null,null,null,null,null,null,null,null,null,null,null,null,null,null,null,null,null,null,null,null,null,null,null,null,null,null,null,null,94.05558859934739,368.1728424343805,113.18361927903312,402.78752761571536,105.6747779962061,92.3478900649742,-7.403454661909791,105.6747779962061,92.3478900649742,-7.403454661909791,105.6747779962061,92.3478900649742,-7.403454661909791,105.6747779962061,92.3478900649742,-7.403454661909791,1.0,1.0424286039671056,952587.2654174858,0.0,0.0,1847850.6106477564,0.0,0.0,0.0,0.0,0.0,0.0,-462.2281732142856,3819.6755208121663,132605.9866422392,364.15104921205324,1210750.4726864146,-1.5734951021211185,0.2923022569450199,1.0,14.0,118.63403,-903.2501
Finger1,null,null,null,null,null,null,null,null,null,null,null,null,null,null,null,null,null,null,null,null,null,null,null,null,null,null,null,null,null,null,null,null,null,null,null,null,null,null,null,null,null,null,null,null,null,null,null,null,null,null,null,null,null,null,null,null,null,null,null,null,null,null,null,null,null,null,null,null,null,null,null,null,null,null,null,null,null,null,78.41328066933315,308.41568466975696,148.04903916448797,344.92518417354853,166.22461787938983,-3.2429274989859067,0.022689266097597693,166.22461787938983,-3.2429274989859067,0.022689266097597693,166.22461787938983,-3.2429274989859067,0.022689266097597693,166.22461787938983,-3.2429274989859067,0.022689266097597693,26.0,35.2287897120913,4.9446051042268777E8,0.0,0.0,1132482.328793141,1.0,0.8393919456439708,2.7871962236992616E7,0.0,0.0,0.0,1.8731693196000034,13964.715230255137,51818.674656664356,227.6371557032471,1920678.5501178985,1.549403337514918,0.8215591347542396,12.0,150.0,801.53503,-458.32214
Finger1,null,null,null,null,null,null,null,null,null,null,null,null,null,null,null,null,null,null,null,null,null,null,null,null,null,null,null,null,null,null,null,null,null,null,null,null,null,null,null,null,null,null,null,null,null,null,null,null,null,null,null,null,null,null,null,null,null,null,null,null,null,null,null,null,null,null,null,null,null,null,null,null,null,null,null,null,null,null,48.368368981137166,243.8124079738208,113.90213544623614,290.4274473638577,214.60172359451758,-3.0424613435757237,0.023894265322177644,214.60172359451758,-3.0424613435757237,0.023894265322177644,214.60172359451758,-3.0424613435757237,0.023894265322177644,214.60172359451758,-3.0424613435757237,0.023894265322177644,12.0,17.84707578191608,1.289947031357267E9,0.0,0.35285038864046064,3909872.256173338,1.0,0.8407450141762128,1.877067770538903E7,0.0,0.0,0.0,-0.8883887160714485,16163.941990769292,107462.69370523149,327.81502971223193,2983809.0388336717,-0.8038855209280489,0.02916555302635628,8.0,112.0,651.3794,-745.33997
Finger1,null,null,null,null,null,null,null,null,null,null,null,null,null,null,null,null,null,null,null,null,null,null,null,null,null,null,null,null,null,null,null,null,null,null,null,null,null,null,null,null,null,null,null,null,null,null,null,null,null,null,null,null,null,null,null,null,null,null,null,null,null,null,null,null,null,null,null,null,null,null,null,null,null,null,null,null,null,null,146.20739113045977,385.9981642352458,84.15066567324257,447.87441429599335,135.6746560969484,65.47982295522627,-4.373013620056163,135.6746560969484,65.47982295522627,-4.373013620056163,135.6746560969484,65.47982295522627,-4.373013620056163,135.6746560969484,65.47982295522627,-4.373013620056163,1.0,0.9813396344455796,716431.386036111,0.0,0.0,1613996.2470095106,0.0,0.0,0.0,0.0,0.0,0.0,284.40534194117646,4669.696701311647,273580.9646931471,523.04967707967,1515456.1433184491,-1.3285891990474048,0.03401179123069444,2.0,17.0,1071.0297,-561.34644
Finger1,null,null,null,null,null,null,null,null,null,null,null,null,null,null,null,null,null,null,null,null,null,null,null,null,null,null,null,null,null,null,null,null,null,null,null,null,null,null,null,null,null,null,null,null,null,null,null,null,null,null,null,null,null,null,null,null,null,null,null,null,null,null,null,null,null,null,null,null,null,null,null,null,null,null,null,null,null,null,22.874411797221086,108.74512522921802,125.37291675737433,174.54670474795932,187.67550427345134,5.730252609474746,-6.326502936362431,187.67550427345134,5.730252609474746,-6.326502936362431,0.0,0.0,0.0,187.67550427345134,5.730252609474746,-6.326502936362431,0.0,0.0,0.0,0.0,0.337071625588507,2300672.84020977,0.0,0.0,0.0,0.0,0.0,0.0,0.0,0.0,0.0,0.0,0.0,0.0,0.0,0.0,0.0,0.0,0.0
Finger1,null,null,null,null,null,null,null,null,null,null,null,null,null,null,null,null,null,null,null,null,null,null,null,null,null,null,null,null,null,null,null,null,null,null,null,null,null,null,null,null,null,null,null,null,null,null,null,null,null,null,null,null,null,null,null,null,null,null,null,null,null,null,null,null,null,null,null,null,null,null,null,null,null,null,null,null,null,null,57.7143708405614,241.30372851344788,99.99125018969785,275.0524163292376,151.6197199077361,-11.634287868816898,0.5179148239193712,0.0,0.0,0.0,151.6197199077361,-11.634287868816898,0.5179148239193712,151.6197199077361,-11.634287868816898,0.5179148239193712,0.0,0.0,0.0,0.0,0.0,579351.0427002768,0.0,0.0,0.0,0.0,0.0,0.0,15.970341354838698,4186.247150705665,96021.65015786992,309.87360351903146,724563.5823252593,-0.638347171780961,0.6683577965504537,2.0,31.0,668.49976,-415.92407
Finger1,null,null,null,null,null,null,null,null,null,null,null,null,null,null,null,null,null,null,null,null,null,null,null,null,null,null,null,null,null,null,null,null,null,null,null,null,null,null,null,null,null,null,null,null,null,null,null,null,null,null,null,null,null,null,null,null,null,null,null,null,null,null,null,null,null,null,null,null,null,null,null,null,null,null,null,null,null,null,79.30081250111282,266.45742047037936,100.12922119527435,311.9834326082418,330.66609205786267,15.62744930835197,-12.327009469157929,0.0,0.0,0.0,0.0,0.0,0.0,330.66609205786267,15.62744930835197,-12.327009469157929,4.0,4.377499936388927,3.689158070103281E7,0.0,0.3635499487647287,3661885.6972680883,1.0,0.8435101751964018,2.2425031482819963E7,7.0,10.341758391295397,1.800267612719994E8,64.39868833243241,5012.851827490785,101479.38184470238,318.55828641663425,966942.5907726065,-0.628083577246247,0.7855221235747943,4.0,37.0,775.55237,-350.56458
Finger1,null,null,null,null,null,null,null,null,null,null,null,null,null,null,null,null,null,null,null,null,null,null,null,null,null,null,null,null,null,null,null,null,null,null,null,null,null,null,null,null,null,null,null,null,null,null,null,null,null,null,null,null,null,null,null,null,null,null,null,null,null,null,null,null,null,null,null,null,null,null,null,null,null,null,null,null,null,null,30.681880968648784,232.2810542109542,135.42734169030936,240.51282692344503,270.12266098366763,-9.479742234201652,0.11482993879683079,270.12266098366763,-9.479742234201652,0.11482993879683079,270.12266098366763,-9.479742234201652,0.11482993879683079,270.12266098366763,-9.479742234201652,0.11482993879683079,0.0,0.0,0.0,0.0,0.365171734059759,2014796.8745113611,1.0,0.8165792902769061,1.5924039248592244E7,0.0,0.0,0.0,-30.984043824324385,9581.920710735703,91300.0923238944,302.1590513684712,1651054.8364026945,-0.5718513678499435,0.0039626591243097165,4.0,74.0,605.45654,-708.78296
Finger1,null,null,null,null,null,null,null,null,null,null,null,null,null,null,null,null,null,null,null,null,null,null,null,null,null,null,null,null,null,null,null,null,null,null,null,null,null,null,null,31.07427161115288,247.96510205848557,78.25889394195289,302.713851579409,320.10279081049134,-1.7498121583621469,-8.13698405957848,110.36147069682511,8.89581090613865,-0.271880049861446,110.36147069682511,8.89581090613865,-0.271880049861446,0.0,0.0,0.0,3.0,4.129083196702948,5.213717794660893E7,0.0,0.3514502050429945,4279698.960635719,0.0,0.0,0.0,0.0,0.0,0.0,39.45739803333334,4854.588039614043,135803.89574242246,368.51580121132184,997104.8697735395,-1.1721368273693193,0.4112537618389227,2.0,30.0,687.9364,-450.66833,null,null,null,null,null,null,null,null,null,null,null,null,null,null,null,null,null,null,null,null,null,null,null,null,null,null,null,null,null,null,null,null,null,null,null,null,null,null,null
Finger1,null,null,null,null,null,null,null,null,null,null,null,null,null,null,null,null,null,null,null,null,null,null,null,null,null,null,null,null,null,null,null,null,null,null,null,null,null,null,null,null,null,null,null,null,null,null,null,null,null,null,null,null,null,null,null,null,null,null,null,null,null,null,null,null,null,null,null,null,null,null,null,null,null,null,null,null,null,null,192.70135351923486,440.5883484471761,125.39717747894655,450.5421313402918,481.7994508543187,-0.9425392150878906,-0.9425392150878906,481.7994508543187,-0.9425392150878906,-0.9425392150878906,481.7994508543187,-0.9425392150878906,-0.9425392150878906,481.7994508543187,-0.9425392150878906,-0.9425392150878906,1.0,0.9055761126638511,3081949.176449102,0.0,0.0,0.0,1.0,0.8183781835349575,5.3288118064758405E7,1.0,1.7547325299571925,1.6123967636512032E8,556.1599720714286,4452.878929527326,138245.51912477834,371.8138232029282,1608036.3140130804,-1.789452804164455,0.024850772915412853,0.0,14.0,1047.9675,66.467285
Finger1,null,null,null,null,null,null,null,null,null,null,null,null,null,null,null,null,null,null,null,null,null,null,null,null,null,null,null,null,null,null,null,null,null,null,null,null,null,null,null,37.7022790004573,386.70074780116096,164.56068748563186,447.2885489101418,179.54093668817472,95.9152037335623,-9.445531682567427,179.54093668817472,95.9152037335623,-9.445531682567427,179.54093668817472,95.9152037335623,-9.445531682567427,179.54093668817472,95.9152037335623,-9.445531682567427,3.0,2.2848061154059978,130804.92443347175,0.0,0.0,0.0,0.0,0.0,0.0,1.0,1.696534344123157,8.921776660634711E7,460.4370112307693,3675.822476290702,209775.42376674397,458.01247119128095,1287991.4174105122,-1.5006074705092394,-0.2755649824858981,1.0,13.0,1037.6953,-293.161,null,null,null,null,null,null,null,null,null,null,null,null,null,null,null,null,null,null,null,null,null,null,null,null,null,null,null,null,null,null,null,null,null,null,null,null,null,null,null
Finger1,null,null,null,null,null,null,null,null,null,null,null,null,null,null,null,null,null,null,null,null,null,null,null,null,null,null,null,null,null,null,null,null,null,null,null,null,null,null,null,null,null,null,null,null,null,null,null,null,null,null,null,null,null,null,null,null,null,null,null,null,null,null,null,null,null,null,null,null,null,null,null,null,null,null,null,null,null,null,79.10245722556596,291.2237426626172,150.77542497017154,346.3787379872829,146.0349388358179,61.69502926413202,-5.056612674568257,146.0349388358179,61.69502926413202,-5.056612674568257,146.0349388358179,61.69502926413202,-5.056612674568257,146.0349388358179,61.69502926413202,-5.056612674568257,1.0,0.8508659282901039,4943681.497152372,0.0,0.3558640559499824,5565012.783591119,0.0,0.0,0.0,0.0,0.0,0.0,459.8059086666666,3536.0402920447304,55157.67313830098,234.85670767150975,972912.3120851301,-1.6494483896623318,-0.03145916604722641,0.0,15.0,787.0331,111.78589
Finger1,null,null,null,null,null,null,null,null,null,null,null,null,null,null,null,null,null,null,null,null,null,null,null,null,null,null,null,null,null,null,null,null,null,null,null,null,null,null,null,null,null,null,null,null,null,null,null,null,null,null,null,null,null,null,null,null,null,null,null,null,null,null,null,null,null,null,null,null,null,null,null,null,null,null,null,null,null,null,106.21225178837598,394.7057880568035,79.69819529076604,477.1870106119781,500.09177660867283,-15.348228454589844,-15.348228454589844,500.09177660867283,-15.348228454589844,-15.348228454589844,500.09177660867283,-15.348228454589844,-15.348228454589844,500.09177660867283,-15.348228454589844,-15.348228454589844,1.0,1.3108469438677475,106065.80309675999,0.0,0.0,1424179.429554212,3.0,2.7092092900970446,3.3211474371011686E7,0.0,0.0,0.0,175.1726941176471,5214.795664042194,417614.2044648824,646.230767191475,1843474.161259046,-1.3091107189684645,0.07303137519431815,3.0,17.0,1164.2853,-798.8159
Finger1,null,null,null,null,null,null,null,null,null,null,null,null,null,null,null,null,null,null,null,null,null,null,null,null,null,null,null,null,null,null,null,null,null,null,null,null,null,null,null,75.41433300608193,356.02016160325957,127.13446239673488,400.2830720909112,148.34544302780955,88.20874376599477,-8.198102584742415,148.34544302780955,88.20874376599477,-8.198102584742415,148.34544302780955,88.20874376599477,-8.198102584742415,0.0,0.0,0.0,1.0,1.362205182195375,378523.5093734325,0.0,0.0,0.0,0.0,0.0,0.0,0.0,0.0,0.0,462.2729963769231,3480.006094509996,125857.03761552901,354.76335438645435,1094043.4854100435,-1.7318935896373941,-0.11909631105476824,2.0,13.0,920.874,-17.422485,54.86294163257882,260.3728909625895,94.80805746533862,282.8702732413708,100.10802139042539,64.86352946494515,-5.974780263363336,100.10802139042539,64.86352946494515,-5.974780263363336,100.10802139042539,64.86352946494515,-5.974780263363336,100.10802139042539,64.86352946494515,-5.974780263363336,3.0,2.474983833639082,121946.44088922776,0.0,0.0,659848.8357966399,0.0,0.0,0.0,0.0,0.0,0.0,-310.5912414615385,2477.1524061561627,78884.99574092728,280.86472854548197,556914.1397367133,-1.581805268210887,0.20837784380829144,1.0,13.0,98.99597,-673.43445
Finger1,null,null,null,null,null,null,null,null,null,null,null,null,null,null,null,null,null,null,null,null,null,null,null,null,null,null,null,null,null,null,null,null,null,null,null,null,null,null,null,null,null,null,null,null,null,null,null,null,null,null,null,null,null,null,null,null,null,null,null,null,null,null,null,null,null,null,null,null,null,null,null,null,null,null,null,null,null,null,43.00086288095201,183.07951854054278,89.53299527857382,185.96369129027218,127.60297993233496,-0.5837206647072293,0.0027029108243756816,127.60297993233496,-0.5837206647072293,0.0027029108243756816,127.60297993233496,-0.5837206647072293,0.0027029108243756816,127.60297993233496,-0.5837206647072293,0.0027029108243756816,14.0,19.686182015287855,2.9107834046236795E8,0.0,0.3648393999480214,722582.287501479,0.0,0.0,0.0,0.0,0.0,0.0,-27.356883630379745,8718.006686379082,59778.743400425534,244.49691899986294,1182098.1375563734,-0.8963720337633236,-0.20613919677779832,9.0,79.0,405.95398,-516.32996
Finger1,null,null,null,null,null,null,null,null,null,null,null,null,null,null,null,null,null,null,null,null,null,null,null,null,null,null,null,null,null,null,null,null,null,null,null,null,null,null,null,null,null,null,null,null,null,null,null,null,null,null,null,null,null,null,null,null,null,null,null,null,null,null,null,null,null,null,null,null,null,null,null,null,null,null,null,null,null,null,67.65346695532334,269.44035422948815,91.26757104262816,341.8109493682862,352.3207652885104,-1.235097747542568,-9.373355256092509,17.438869738994754,40.98986686108725,-1.7471861238456121,17.438869738994754,40.98986686108725,-1.7471861238456121,17.438869738994754,40.98986686108725,-1.7471861238456121,2.0,2.3434122374508237,4324495.669582756,0.0,0.354404677323777,5653303.62273968,1.0,0.8430433507645713,2.2650315255350217E7,0.0,0.0,0.0,183.08258104545456,4067.381123290608,144614.66417411302,380.2823479654466,954304.7172621196,-1.5892454959573252,0.21528039951615072,1.0,22.0,756.41785,-326.09253
Finger1,null,null,null,null,null,null,null,null,null,null,null,null,null,null,null,null,null,null,null,null,null,null,null,null,null,null,null,null,null,null,null,null,null,null,null,null,null,null,null,null,null,null,null,null,null,null,null,null,null,null,null,null,null,null,null,null,null,null,null,null,null,null,null,null,null,null,null,null,null,null,null,null,null,null,null,null,null,null,70.05460622959818,299.4986928033564,142.84313163573847,376.5266533317915,0.0,0.0,0.0,223.97163994129255,-3.8715345490075848,0.028749175184212217,223.97163994129255,-3.8715345490075848,0.028749175184212217,0.0,0.0,0.0,10.0,16.869475318986744,5.445738047929395E8,0.0,0.3561734098765689,6656352.6642150525,3.0,4.336570853890282,6.699054357096655E7,21.0,31.82455330094507,2.14975989665954E9,-47.15707546204382,18989.184573109324,100216.58675344163,316.5700345159687,3490898.02696214,-0.03082390142073832,0.5964720400679551,7.0,137.0,852.4933,-631.5399
Finger1,null,null,null,null,null,null,null,null,null,null,null,null,null,null,null,null,null,null,null,null,null,null,null,null,null,null,null,null,null,null,null,null,null,null,null,null,null,null,null,null,null,null,null,null,null,null,null,null,null,null,null,null,null,null,null,null,null,null,null,null,null,null,null,null,null,null,null,null,null,null,null,null,null,null,null,null,null,null,59.96386437846852,217.99961603710884,65.20421322450846,250.63473161224942,126.43233454320466,-0.5529765818111265,0.001508770106698483,126.43233454320466,-0.5529765818111265,0.001508770106698483,126.43233454320466,-0.5529765818111265,0.001508770106698483,126.43233454320466,-0.5529765818111265,0.001508770106698483,1.0,1.0011129944596702,219726.98670752236,0.0,0.3343253161192205,5155998.410658998,0.0,0.0,0.0,0.0,0.0,0.0,11.563893876666672,30686.36936946854,40920.941368091226,202.289251736446,3483225.38276411,-0.6274790124340557,0.29820775302663766,19.0,339.0,618.4479,-358.82263
Finger1,null,null,null,null,null,null,null,null,null,null,null,null,null,null,null,null,null,null,null,null,null,null,null,null,null,null,null,null,null,null,null,null,null,null,null,null,null,null,null,120.53148285270484,268.5952568723179,127.91673999408137,314.37232186784803,340.4309204574067,12.91837696642915,-5.582479385328497,340.4309204574067,12.91837696642915,-5.582479385328497,340.4309204574067,12.91837696642915,-5.582479385328497,340.4309204574067,12.91837696642915,-5.582479385328497,0.0,0.7979413582967257,1567010.6004638404,0.0,0.7878406205474193,1.8294716415262E7,0.0,0.0,0.0,1.0,1.7617092189387134,1.3914256618272984E8,-456.20098375,3832.193199708126,50905.162301232325,225.62172391246443,1033207.5090443236,-1.6580686831186968,0.2294849610522607,0.0,16.0,-103.62854,-720.06226,null,null,null,null,null,null,null,null,null,null,null,null,null,null,null,null,null,null,null,null,null,null,null,null,null,null,null,null,null,null,null,null,null,null,null,null,null,null,null
Finger1,null,null,null,null,null,null,null,null,null,null,null,null,null,null,null,null,null,null,null,null,null,null,null,null,null,null,null,null,null,null,null,null,null,null,null,null,null,null,null,null,null,null,null,null,null,null,null,null,null,null,null,null,null,null,null,null,null,null,null,null,null,null,null,null,null,null,null,null,null,null,null,null,null,null,null,null,null,null,114.09695352074947,324.40764096967007,87.40906573939917,319.14147917802575,348.43663445469997,22.889051362879854,-6.92090123245589,348.43663445469997,22.889051362879854,-6.92090123245589,348.43663445469997,22.889051362879854,-6.92090123245589,348.43663445469997,22.889051362879854,-6.92090123245589,23.0,34.890399269078465,1.2310787286701958E9,0.0,0.0,0.0,1.0,0.8313585320743478,3.178847220466978E7,0.0,0.0,0.0,26.412920635821596,25202.138058068875,75396.67586755601,274.58455140003053,4057974.9018983063,-0.09503904574706201,0.4058865579288924,16.0,213.0,785.8246,-557.72095
Finger1,null,null,null,null,null,null,null,null,null,null,null,null,null,null,null,null,null,null,null,null,null,null,null,null,null,null,null,null,null,null,null,null,null,null,null,null,null,null,null,null,null,null,null,null,null,null,null,null,null,null,null,null,null,null,null,null,null,null,null,null,null,null,null,null,null,null,null,null,null,null,null,null,null,null,null,null,null,null,114.75086996152362,376.19929270719416,131.27868263729638,441.10246275277495,83.38717209309061,78.0535438034982,-4.576497487362381,83.38717209309061,78.0535438034982,-4.576497487362381,83.38717209309061,78.0535438034982,-4.576497487362381,83.38717209309061,78.0535438034982,-4.576497487362381,1.0,1.7326752005288568,1.3905223660625404E7,0.0,0.3579147728016838,8711971.77278123,0.0,0.0,0.0,0.0,0.0,0.0,-516.352329111111,5274.113285502934,130883.39014855315,361.77809517514066,1780955.4819579194,-0.840174886864232,0.48477088369938126,1.0,18.0,222.26257,-1001.239
Finger1,null,null,null,null,null,null,null,null,null,null,null,null,null,null,null,null,null,null,null,null,null,null,null,null,null,null,null,null,null,null,null,null,null,null,null,null,null,null,null,null,null,null,null,null,null,null,null,null,null,null,null,null,null,null,null,null,null,null,null,null,null,null,null,null,null,null,null,null,null,null,null,null,null,null,null,null,null,null,94.41936383894088,318.38348034808047,110.44478421533488,325.0426744802464,348.48524345654295,-0.04396820068359375,-0.043972015380859375,348.48524345654295,-0.04396820068359375,-0.043972015380859375,348.48524345654295,-0.04396820068359375,-0.043972015380859375,348.48524345654295,-0.04396820068359375,-0.043972015380859375,3.0,4.299279166422109,4.140356867649703E7,0.0,0.0,868158.9569802305,0.0,0.0,0.0,0.0,0.0,0.0,60.504676862068976,4801.088708036987,143961.33138007802,379.4223654189062,1039276.4808944219,-1.0135057414477426,0.5725364335110084,2.0,29.0,779.8828,-399.30725
Finger1,null,null,null,null,null,null,null,null,null,null,null,null,null,null,null,null,null,null,null,null,null,null,null,null,null,null,null,null,null,null,null,null,null,null,null,null,null,null,null,null,null,null,null,null,null,null,null,null,null,null,null,null,null,null,null,null,null,null,null,null,null,null,null,null,null,null,null,null,null,null,null,null,null,null,null,null,null,null,54.98001039102655,302.0260287786317,72.29890680602713,311.3881398419714,334.7821789711775,0.8882770538330078,0.8882770538330078,334.7821789711775,0.8882770538330078,0.8882770538330078,334.7821789711775,0.8882770538330078,0.8882770538330078,334.7821789711775,0.8882770538330078,0.8882770538330078,6.0,5.439171283073844,2.0957782577913187E7,0.0,0.0,74649.61757435568,7.0,9.813908048237865,2.228423823877321E8,0.0,0.0,0.0,-10.834275837837852,8855.847142110273,78907.1148375002,280.9041025643808,1453126.432290378,0.6481210432753919,-0.6092048705976592,9.0,74.0,519.95544,-890.3595
Finger1,null,null,null,null,null,null,null,null,null,null,null,null,null,null,null,null,null,null,null,null,null,null,null,null,null,null,null,null,null,null,null,null,null,null,null,null,null,null,null,null,null,null,null,null,null,null,null,null,null,null,null,null,null,null,null,null,null,null,null,null,null,null,null,null,null,null,null,null,null,null,null,null,null,null,null,null,null,null,114.49689564945321,309.57201548461524,121.88843800875811,372.28739188264757,100.47223297965661,-0.0745819839344577,8.949608479870766E-5,100.47223297965661,-0.0745819839344577,8.949608479870766E-5,100.47223297965661,-0.0745819839344577,8.949608479870766E-5,100.47223297965661,-0.0745819839344577,8.949608479870766E-5,23.0,35.228746717627395,7.68449200253277E8,0.0,0.3557288799111693,6413185.58820776,0.0,0.0,0.0,95.0,140.51043533603647,1.3738262185027493E10,2.3490044245136232,45849.04212713814,44453.13906895668,210.83913078211236,5745007.179632719,0.9021245681899313,0.2673627042704915,32.0,514.0,841.3147,-588.3362
Finger1,null,null,null,null,null,null,null,null,null,null,null,null,null,null,null,null,null,null,null,null,null,null,null,null,null,null,null,null,null,null,null,null,null,null,null,null,null,null,null,null,null,null,null,null,null,null,null,null,null,null,null,null,null,null,null,null,null,null,null,null,null,null,null,null,null,null,null,null,null,null,null,null,null,null,null,null,null,null,133.40140752097037,384.3442393855454,123.54484907634328,392.22191650606624,198.87053380139037,-5.8984304094950915,0.14081128478242277,198.87053380139037,-5.8984304094950915,0.14081128478242277,198.87053380139037,-5.8984304094950915,0.14081128478242277,198.87053380139037,-5.8984304094950915,0.14081128478242277,7.0,9.859938755660004,1.512378711543149E8,0.0,0.0,705609.2400302499,1.0,0.9081354025491414,5.4233602091400295E7,0.0,0.0,0.0,63.630982127272695,9776.183073400489,149480.48724625693,386.6270648134413,2101395.1953364667,-0.6856690598383004,0.6034772966741387,4.0,55.0,1034.5734,-446.03577
Finger1,null,null,null,null,null,null,null,null,null,null,null,null,null,null,null,null,null,null,null,null,null,null,null,null,null,null,null,null,null,null,null,null,null,null,null,null,null,null,null,45.024763253067896,108.39087907590164,99.8915667253434,158.8215089941199,46.775448635217856,-0.03321563985684162,1.020292309953966E-5,46.775448635217856,-0.03321563985684162,1.020292309953966E-5,46.775448635217856,-0.03321563985684162,1.020292309953966E-5,46.775448635217856,-0.03321563985684162,1.020292309953966E-5,0.0,0.0,0.0,0.0,0.3443617688273775,1497191.5482042534,24.0,35.301483314424665,5.897400563716395E8,0.0,0.0,0.0,0.0,0.0,0.0,0.0,0.0,0.0,0.0,0.0,0.0,0.0,0.0,null,null,null,null,null,null,null,null,null,null,null,null,null,null,null,null,null,null,null,null,null,null,null,null,null,null,null,null,null,null,null,null,null,null,null,null,null,null,null
Finger1,null,null,null,null,null,null,null,null,null,null,null,null,null,null,null,null,null,null,null,null,null,null,null,null,null,null,null,null,null,null,null,null,null,null,null,null,null,null,null,null,null,null,null,null,null,null,null,null,null,null,null,null,null,null,null,null,null,null,null,null,null,null,null,null,null,null,null,null,null,null,null,null,null,null,null,null,null,null,46.07210246596502,173.90111059313315,85.92384245424635,168.64525317465947,67.35324651522865,1.5151480189090734,-0.003646990748293444,67.35324651522865,1.5151480189090734,-0.003646990748293444,67.35324651522865,1.5151480189090734,-0.003646990748293444,67.35324651522865,1.5151480189090734,-0.003646990748293444,7.0,9.23765936622326,9.570560270826483E7,1.0,0.8344123009555604,1.9268557118177775E7,3.0,4.12093010056909,3.354265722745677E7,0.0,0.0,0.0,-9.975324111688316,9075.297244269193,70300.18113048661,265.1418132443214,1342712.090533998,-0.8642125993432721,0.25862509329443145,4.0,77.0,548.1537,-445.43152
Finger1,null,null,null,null,null,null,null,null,null,null,null,null,null,null,null,null,null,null,null,null,null,null,null,null,null,null,null,null,null,null,null,null,null,null,null,null,null,null,null,null,null,null,null,null,null,null,null,null,null,null,null,null,null,null,null,null,null,null,null,null,null,null,null,null,null,null,null,null,null,null,null,null,null,null,null,null,null,null,70.08523091675129,308.99197513381927,68.96179734082222,339.9439961731352,46.67180183657911,35.18279999150553,-1.4987935036438458,46.67180183657911,35.18279999150553,-1.4987935036438458,46.67180183657911,35.18279999150553,-1.4987935036438458,46.67180183657911,35.18279999150553,-1.4987935036438458,2.0,1.8033312775868464,6084500.729687898,0.0,0.0,1093175.9316942915,0.0,0.0,0.0,0.0,0.0,0.0,137.93334911363638,4191.501148344457,163584.0017776,404.45519130998923,976839.43264227,-1.3371933287332085,0.22717807677324275,3.0,22.0,794.08264,-434.55505
Finger1,null,null,null,null,null,null,null,null,null,null,null,null,null,null,null,null,null,null,null,null,null,null,null,null,null,null,null,null,null,null,null,null,null,null,null,null,null,null,null,null,null,null,null,null,null,null,null,null,null,null,null,null,null,null,null,null,null,null,null,null,null,null,null,null,null,null,null,null,null,null,null,null,null,null,null,null,null,null,54.98256861679848,296.10030420509656,69.10427289492668,305.1830357157876,106.28943962057565,52.428229866326205,-3.891564332776184,106.28943962057565,52.428229866326205,-3.891564332776184,106.28943962057565,52.428229866326205,-3.891564332776184,106.28943962057565,52.428229866326205,-3.891564332776184,2.0,1.703292112474066,54665.399902846635,0.0,0.0,505662.1433505625,0.0,0.0,0.0,0.0,0.0,0.0,177.39715646874998,3166.478846308777,162802.76828832537,403.48825049600316,749398.1918453366,-1.3711982162136072,0.045164941973494216,2.0,16.0,767.0929,-438.68408
Finger1,null,null,null,null,null,null,null,null,null,null,null,null,null,null,null,null,null,null,null,null,null,null,null,null,null,null,null,null,null,null,null,null,null,null,null,null,null,null,null,null,null,null,null,null,null,null,null,null,null,null,null,null,null,null,null,null,null,null,null,null,null,null,null,null,null,null,null,null,null,null,null,null,null,null,null,null,null,null,76.93896300064225,113.13867021245707,145.17001010203734,325.4913332168595,363.7059547025085,-4.57500294263366,-1.0983787212709615,144.02304255358263,56.64967358295007,-2.761032939217557,0.0,0.0,0.0,363.7059547025085,-4.57500294263366,-1.0983787212709615,0.0,0.7524192066335349,687681.2117616989,1.0,1.7934155933062883,1.737646079272283E8,25.0,35.031503966515274,2.418588174009082E9,25.0,35.54842499541719,2.337314795208475E9,-19.95323035958546,22284.273123839648,72927.34923498557,270.05064198217633,3518247.5051293666,-0.24161870364390925,-0.5885473580775906,14.0,193.0,473.22693,-749.06616
Finger1,null,null,null,null,null,null,null,null,null,null,null,null,null,null,null,null,null,null,null,null,null,null,null,null,null,null,null,null,null,null,null,null,null,null,null,null,null,null,null,null,null,null,null,null,null,null,null,null,null,null,null,null,null,null,null,null,null,null,null,null,null,null,null,null,null,null,null,null,null,null,null,null,null,null,null,null,null,null,57.46618103889295,226.58565773855665,159.91824296014528,265.4507486528205,228.35932684310887,-46.09909150591295,2.29496661706429,214.8263140808233,-3.6085620024282434,0.03285584173886613,228.35932684310887,-46.09909150591295,2.29496661706429,214.8263140808233,-3.6085620024282434,0.03285584173886613,10.0,16.824339318683133,1.5495082353726168E9,0.0,0.33497251647536525,5855702.011781065,1.0,0.8371807243659046,1.6358786991525888E7,11.0,17.27197031720613,8.847955272332337E8,-22.711882898230094,17033.775631181317,133440.86327782128,365.2955834359639,3736495.8629734516,-0.41022629724031967,-0.06613169875625996,6.0,113.0,721.7743,-828.32336
Finger1,null,null,null,null,null,null,null,null,null,null,null,null,null,null,null,null,null,null,null,null,null,null,null,null,null,null,null,null,null,null,null,null,null,null,null,null,null,null,null,null,null,null,null,null,null,null,null,null,null,null,null,null,null,null,null,null,null,null,null,null,null,null,null,null,null,null,null,null,null,null,null,null,null,null,null,null,null,null,154.97072885228624,426.1454435648026,70.75748725936431,453.6920848687796,467.2873971388419,-4.520351409912109,-4.520355224609375,467.2873971388419,-4.520351409912109,-4.520355224609375,467.2873971388419,-4.520351409912109,-4.520355224609375,467.2873971388419,-4.520351409912109,-4.520355224609375,53.0,72.36874287059983,5.254479690175191E9,0.0,0.0,2386283.89013282,0.0,0.0,0.0,0.0,0.0,0.0,-12.237977202985075,34806.837470948,62856.05655385922,250.71110177624607,5348909.9271062575,2.162640064376938,-0.5717592516831872,17.0,335.0,775.55237,-1015.33813
Finger1,null,null,null,null,null,null,null,null,null,null,null,null,null,null,null,null,null,null,null,null,null,null,null,null,null,null,null,null,null,null,null,null,null,null,null,null,null,null,null,null,null,null,null,null,null,null,null,null,null,null,null,null,null,null,null,null,null,null,null,null,null,null,null,null,null,null,null,null,null,null,null,null,null,null,null,null,null,null,105.11374274870197,171.02938887564204,90.65079890927677,206.77298917309062,120.95710149770389,-1.220448767115812,0.0091438214117594,120.95710149770389,-1.220448767115812,0.0091438214117594,120.95710149770389,-1.220448767115812,0.0091438214117594,120.95710149770389,-1.220448767115812,0.0091438214117594,13.0,17.87720851164305,4.64543725772555E8,0.0,0.3383055501043759,3122489.8845363697,6.0,8.62251293587766,1.1450590025863673E8,0.0,0.0,0.0,-0.8859674211764689,15124.701062889475,49425.340355723856,222.31810622557006,1921843.9622910717,-0.6255141352044968,0.2996440819985259,10.0,153.0,540.19775,-418.34106
Finger1,null,null,null,null,null,null,null,null,null,null,null,null,null,null,null,null,null,null,null,null,null,null,null,null,null,null,null,null,null,null,null,null,null,null,null,null,null,null,null,null,null,null,null,null,null,null,null,null,null,null,null,null,null,null,null,null,null,null,null,null,null,null,null,null,null,null,null,null,null,null,null,null,null,null,null,null,null,null,88.72383290807552,133.76822670474917,125.63721634236835,174.18554966960374,83.004250472747,0.018478261658462003,-2.835132046360815E-5,85.44483614351964,8.86282127942728E-4,-9.471224810144938E-6,85.44483614351964,8.86282127942728E-4,-9.471224810144938E-6,85.44483614351964,8.86282127942728E-4,-9.471224810144938E-6,28.0,36.06502913739332,1.2149458748930721E9,0.0,0.3426178257048092,1946364.9400887568,0.0,0.0,0.0,0.0,0.0,0.0,-3.61612970125253,81965.60478703027,35274.04246867575,187.81385057730898,8742317.24814417,-0.697557891038521,-0.0833912296789296,66.0,990.0,460.03418,-579.4739
Finger1,null,null,null,null,null,null,null,null,null,null,null,null,null,null,null,null,null,null,null,null,null,null,null,null,null,null,null,null,null,null,null,null,null,null,null,null,null,null,null,null,null,null,null,null,null,null,null,null,null,null,null,null,null,null,null,null,null,null,null,null,null,null,null,null,null,null,null,null,null,null,null,null,null,null,null,null,null,null,96.65150037058115,205.10668548774885,115.61325819075265,230.90878298215455,122.26936292698065,-0.22690787890168096,3.162287116560934E-4,122.26936292698065,-0.22690787890168096,3.162287116560934E-4,122.26936292698065,-0.22690787890168096,3.162287116560934E-4,122.26936292698065,-0.22690787890168096,3.162287116560934E-4,23.0,34.33310293411102,6.508305961913573E8,0.0,0.34402889931311126,1209318.7827462698,0.0,0.0,0.0,0.0,0.0,0.0,4.404379708045776,52175.8440109449,41945.51128978299,204.80603333345184,5981652.594604197,-0.7862007871719432,-0.11254848514801352,37.0,568.0,511.19385,-601.4282
Finger1,null,null,null,null,null,null,null,null,null,null,null,null,null,null,null,null,null,null,null,null,null,null,null,null,null,null,null,null,null,null,null,null,null,null,null,null,null,null,null,null,null,null,null,null,null,null,null,null,null,null,null,null,null,null,null,null,null,null,null,null,null,null,null,null,null,null,null,null,null,null,null,null,null,null,null,null,null,null,63.39610331745114,385.26676395568035,177.32998664667633,453.8082791566845,215.58643560229893,37.65945234806446,-2.243429064683248,215.58643560229893,37.65945234806446,-2.243429064683248,215.58643560229893,37.65945234806446,-2.243429064683248,215.58643560229893,37.65945234806446,-2.243429064683248,1.0,2.1400768442398252,1.6354188922344504E7,0.0,0.0,259161.40176889268,0.0,0.0,0.0,0.0,0.0,0.0,2.32544300000002,6014.241444643086,374168.26520796743,611.6929501048442,1927734.975841428,-0.9322758253127827,-0.5825780879177826,3.0,22.0,779.9835,-1203.4607
Finger1,null,null,null,null,null,null,null,null,null,null,null,null,null,null,null,null,null,null,null,null,null,null,null,null,null,null,null,null,null,null,null,null,null,null,null,null,null,null,null,null,null,null,null,null,null,null,null,null,null,null,null,null,null,null,null,null,null,null,null,null,null,null,null,null,null,null,null,null,null,null,null,null,null,null,null,null,null,null,83.35702976116161,191.89314282480376,90.8902785034897,152.36738382098147,87.5921856680518,-0.11693493339159033,0.004123336231947439,87.5921856680518,-0.11693493339159033,0.004123336231947439,87.5921856680518,-0.11693493339159033,0.004123336231947439,87.5921856680518,-0.11693493339159033,0.004123336231947439,12.0,17.38227112911055,4.387462009398083E8,1.0,1.5966537313940061,2.4210094361339867E7,6.0,9.018844128157994,1.933827913966681E8,0.0,0.0,0.0,-6.836954690148149,14111.438594413476,59418.03672218358,243.758152114311,2019159.7245368597,-0.5540367585156094,0.07639824686818844,14.0,135.0,574.03564,-488.83667
Finger1,null,null,null,null,null,null,null,null,null,null,null,null,null,null,null,null,null,null,null,null,null,null,null,null,null,null,null,null,null,null,null,null,null,null,null,null,null,null,null,null,null,null,null,null,null,null,null,null,null,null,null,null,null,null,null,null,null,null,null,null,null,null,null,null,null,null,null,null,null,null,null,null,null,null,null,null,null,null,45.76510384997578,252.3098032987195,70.77993259374976,279.3254650725873,251.1167557091813,-47.25807260687168,1.3170717665641405,251.1167557091813,-47.25807260687168,1.3170717665641405,251.1167557091813,-47.25807260687168,1.3170717665641405,251.1167557091813,-47.25807260687168,1.3170717665641405,7.0,8.702046772289782,6.380406913632275E7,0.0,0.0,544329.4507886595,1.0,0.8574756824227874,2.0239848492708005E7,0.0,0.0,0.0,17.462768533333325,5850.377898792614,88383.28892715284,297.2932709079586,983712.0600498535,-0.45649903939541536,0.4226374967356557,3.0,45.0,690.4541,-525.8972
Finger1,null,null,null,null,null,null,null,null,null,null,null,null,null,null,null,null,null,null,null,null,null,null,null,null,null,null,null,null,null,null,null,null,null,null,null,null,null,null,null,null,null,null,null,null,null,null,null,null,null,null,null,null,null,null,null,null,null,null,null,null,null,null,null,null,null,null,null,null,null,null,null,null,null,null,null,null,null,null,162.60278326695203,567.2876317731057,155.49327559431654,656.1769854431913,248.71468120766895,1.210556913148082,0.0540014581306103,248.71468120766895,1.210556913148082,0.0540014581306103,248.71468120766895,1.210556913148082,0.0540014581306103,248.71468120766895,1.210556913148082,0.0540014581306103,7.0,9.726536296345191,3.5167851165540195E8,0.0,NaN,0.0,0.0,0.0,0.0,0.0,0.0,0.0,-26.19110855813952,13169.491493261436,449899.0493040337,670.745144823303,4818481.454250941,-0.6425137714690852,-0.4217291670595686,5.0,43.0,988.4491,-1456.3385
Finger1,null,null,null,null,null,null,null,null,null,null,null,null,null,null,null,null,null,null,null,null,null,null,null,null,null,null,null,null,null,null,null,null,null,null,null,null,null,null,null,null,null,null,null,null,null,null,null,null,null,null,null,null,null,null,null,null,null,null,null,null,null,null,null,null,null,null,null,null,null,null,null,null,null,null,null,null,null,null,111.12912346937338,183.23980654101803,89.05189297878296,196.1496365422116,112.09696183721803,-0.8063095815832995,0.00504178154670934,112.09696183721803,-0.8063095815832995,0.00504178154670934,112.09696183721803,-0.8063095815832995,0.00504178154670934,112.09696183721803,-0.8063095815832995,0.00504178154670934,30.0,38.08361681203682,7.66582834611953E8,0.0,0.3462521246767674,2410473.048417102,6.0,8.83178970276687,2.6923086486081076E8,0.0,0.0,0.0,0.5981444222222169,19416.508300158082,45676.85178928377,213.72143502532396,2288980.131578226,-0.9218655828963218,-0.3423008945344344,16.0,198.0,361.64246,-530.9326
Finger1,null,null,null,null,null,null,null,null,null,null,null,null,null,null,null,null,null,null,null,null,null,null,null,null,null,null,null,null,null,null,null,null,null,null,null,null,null,null,null,99.26941713702143,385.0967953459224,170.14943964166525,426.94952994624913,0.0,0.0,0.0,168.27136044463646,83.5470702870025,-4.583015206000482,168.27136044463646,83.5470702870025,-4.583015206000482,168.27136044463646,83.5470702870025,-4.583015206000482,3.0,2.1946532435013415,219805.2975512343,0.0,0.0,2020071.2335224103,0.0,0.0,0.0,0.0,0.0,0.0,455.75796076923075,3818.9120485098106,199253.41490632307,446.37810755717294,1282697.1081451527,-1.4962433856984378,-0.4332715936317824,1.0,13.0,964.4806,-271.20667,null,null,null,null,null,null,null,null,null,null,null,null,null,null,null,null,null,null,null,null,null,null,null,null,null,null,null,null,null,null,null,null,null,null,null,null,null,null,null
Finger1,77.54691098438724,302.7059779348162,79.51943048482887,326.63688100290454,0.0,0.0,0.0,0.0,0.0,0.0,0.0,0.0,0.0,0.0,0.0,0.0,0.0,0.0,0.0,0.0,0.35635576305463734,4382460.131721262,1.0,0.8356115581403722,2.82176554035459E7,0.0,0.0,0.0,0.0,0.0,0.0,0.0,0.0,0.0,0.0,0.0,0.0,0.0,0.0,null,null,null,null,null,null,null,null,null,null,null,null,null,null,null,null,null,null,null,null,null,null,null,null,null,null,null,null,null,null,null,null,null,null,null,null,null,null,null,null,null,null,null,null,null,null,null,null,null,null,null,null,null,null,null,null,null,null,null,null,null,null,null,null,null,null,null,null,null,null,null,null,null,null,null,null,null,null
Finger1,null,null,null,null,null,null,null,null,null,null,null,null,null,null,null,null,null,null,null,null,null,null,null,null,null,null,null,null,null,null,null,null,null,null,null,null,null,null,null,null,null,null,null,null,null,null,null,null,null,null,null,null,null,null,null,null,null,null,null,null,null,null,null,null,null,null,null,null,null,null,null,null,null,null,null,null,null,null,34.39715172891259,278.64739347525307,106.45346299953627,346.1148088097849,283.9044902026244,-79.40921366334521,5.595719925531313,283.9044902026244,-79.40921366334521,5.595719925531313,283.9044902026244,-79.40921366334521,5.595719925531313,283.9044902026244,-79.40921366334521,5.595719925531313,1.0,1.7498003616663116,1.4296206918213792E7,0.0,0.0,1082671.7981898254,1.0,0.8349468720980444,2.338484626341277E7,0.0,0.0,0.0,-106.2681521578947,3854.6718748673047,198953.29994222225,446.0418141186118,947699.426221519,-1.365077572034442,-0.2679233330295552,1.0,19.0,522.37244,-841.81824
Finger1,null,null,null,null,null,null,null,null,null,null,null,null,null,null,null,null,null,null,null,null,null,null,null,null,null,null,null,null,null,null,null,null,null,null,null,null,null,null,null,99.75009611985055,359.9378531694502,166.9743641964164,404.7569315901798,237.3504139601157,33.58338989871345,-2.3357634308560407,237.3504139601157,33.58338989871345,-2.3357634308560407,163.70714120399361,83.09599152135706,-5.521239020484359,237.3504139601157,33.58338989871345,-2.3357634308560407,1.0,1.438014200772869,531096.17137351,0.0,0.0,1896907.63571929,0.0,0.0,0.0,0.0,0.0,0.0,462.00593631578954,5326.292464620274,143052.8732264767,378.2233113208078,1638260.6748462212,-0.3374101233622828,-0.9399183963272296,1.0,19.0,906.5735,-365.77148,155.4930260154935,415.7913994461387,186.84345019458286,466.09879110816195,343.46881518835085,-14.240170449261427,0.20905951628933384,343.46881518835085,-14.240170449261427,0.20905951628933384,343.46881518835085,-14.240170449261427,0.20905951628933384,0.0,0.0,0.0,7.0,10.47571017446695,1.4574679942975387E8,0.0,NaN,0.0,0.0,0.0,0.0,0.0,0.0,0.0,75.81269436521738,12689.290595605029,198620.39180404646,445.6684774628406,3433436.342885935,-0.1179130856235675,0.6668669038080203,9.0,69.0,1140.8203,-752.69165
Finger1,null,null,null,null,null,null,null,null,null,null,null,null,null,null,null,null,null,null,null,null,null,null,null,null,null,null,null,null,null,null,null,null,null,null,null,null,null,null,null,34.14816907580977,355.1327182143192,101.28786208572532,392.8951800303196,101.59678957496658,100.0585171496931,-9.5054575034547,101.59678957496658,100.0585171496931,-9.5054575034547,101.59678957496658,100.0585171496931,-9.5054575034547,101.59678957496658,100.0585171496931,-9.5054575034547,1.0,0.8587501545686819,747956.2559504482,0.0,0.0,855630.6795094248,1.0,0.8703169172765087,2.963609010608652E7,0.0,0.0,0.0,408.0611007692308,2946.7752259210242,127163.43774370162,356.5998285805836,915962.3773932642,-1.4145318087863243,0.5352324482653169,0.0,13.0,1005.0659,32.32727,173.598186267728,415.99148456495254,82.58632266411708,442.42698361743334,464.9223964671631,-4.807933807373047,-4.807933807373047,205.74153803026547,0.98999627636789,0.04372368178081487,418.1124159376361,-61.71610728431483,2.469686258403442,205.74153803026547,0.98999627636789,0.04372368178081487,2.0,3.441256614761547,1.7049872078958836E8,0.0,0.0,1889701.9376944897,0.0,0.0,0.0,0.0,0.0,0.0,28.276290730000063,9899.943042612975,303859.3853689912,551.2344196156397,3085702.8503927914,-0.8161261113572857,-0.2497022453060104,2.0,40.0,984.6222,-1035.7819
Finger1,null,null,null,null,null,null,null,null,null,null,null,null,null,null,null,null,null,null,null,null,null,null,null,null,null,null,null,null,null,null,null,null,null,null,null,null,null,null,null,65.79368747647612,292.5857372293157,90.61878446812455,333.7730942336679,113.68526349172464,-2.822832549425918,0.020368901945476303,113.68526349172464,-2.822832549425918,0.020368901945476303,113.68526349172464,-2.822832549425918,0.020368901945476303,113.68526349172464,-2.822832549425918,0.020368901945476303,26.0,36.91434666073554,1.3320542493219252E9,0.0,0.35968802653314597,4389959.503696708,0.0,0.0,0.0,0.0,0.0,0.0,-2.3250670117441916,12289.27641635251,38937.89157053208,197.32686479679364,1679764.076401699,3.727087021186529,1.577773871619781,12.0,172.0,821.5759,-352.1759,null,null,null,null,null,null,null,null,null,null,null,null,null,null,null,null,null,null,null,null,null,null,null,null,null,null,null,null,null,null,null,null,null,null,null,null,null,null,null
Finger1,null,null,null,null,null,null,null,null,null,null,null,null,null,null,null,null,null,null,null,null,null,null,null,null,null,null,null,null,null,null,null,null,null,null,null,null,null,null,null,null,null,null,null,null,null,null,null,null,null,null,null,null,null,null,null,null,null,null,null,null,null,null,null,null,null,null,null,null,null,null,null,null,null,null,null,null,null,null,41.63405947820637,230.78255175082575,76.90836158062147,266.49681020182686,91.54761950299212,60.01300470852118,-5.17691330460616,91.54761950299212,60.01300470852118,-5.17691330460616,91.54761950299212,60.01300470852118,-5.17691330460616,91.54761950299212,60.01300470852118,-5.17691330460616,1.0,0.9474399927959164,40813.840119309156,0.0,0.3494699224621808,3006179.760264261,1.0,0.8384041571525397,1.6557148947043559E7,0.0,0.0,0.0,311.5258304999999,2502.9581059603447,63825.13376741969,252.6363666763352,543264.3914030145,-1.5368340429044776,-0.26677299955779865,1.0,14.0,619.0521,-125.68359
Finger1,null,null,null,null,null,null,null,null,null,null,null,null,null,null,null,null,null,null,null,null,null,null,null,null,null,null,null,null,null,null,null,null,null,null,null,null,null,null,null,78.10543454087666,243.49084298287394,132.1033401289215,310.699154583175,152.78160284408864,49.076313304868336,-3.857038433216225,152.78160284408864,49.076313304868336,-3.857038433216225,152.78160284408864,49.076313304868336,-3.857038433216225,152.78160284408864,49.076313304868336,-3.857038433216225,0.0,0.832128828841842,1111810.5426316953,0.0,0.0,0.0,0.0,0.0,0.0,0.0,0.0,0.0,-426.02005187500004,3550.9355864293293,49310.381924733716,222.05941079975358,906528.9568502662,-1.5891935139655744,0.3604416717177566,0.0,16.0,-74.32251,-693.9789,null,null,null,null,null,null,null,null,null,null,null,null,null,null,null,null,null,null,null,null,null,null,null,null,null,null,null,null,null,null,null,null,null,null,null,null,null,null,null
Finger1,null,null,null,null,null,null,null,null,null,null,null,null,null,null,null,null,null,null,null,null,null,null,null,null,null,null,null,null,null,null,null,null,null,null,null,null,null,null,null,null,null,null,null,null,null,null,null,null,null,null,null,null,null,null,null,null,null,null,null,null,null,null,null,null,null,null,null,null,null,null,null,null,null,null,null,null,null,null,45.461462496465266,289.1004980837209,121.32807367002235,318.55737580769096,125.29780346404141,69.61725509616224,-6.113335846850454,125.29780346404141,69.61725509616224,-6.113335846850454,125.29780346404141,69.61725509616224,-6.113335846850454,125.29780346404141,69.61725509616224,-6.113335846850454,0.0,0.8314636913304327,489894.3201272925,0.0,0.35392066617574186,4379042.051763879,1.0,0.8346653645409352,2.418286922205728E7,0.0,0.0,0.0,403.3355697642857,3082.517404929783,75786.10761448304,275.29276709438454,815946.4604423889,-1.6278450484803997,-0.2005183989834772,1.0,14.0,742.3187,-10.171509
Finger1,null,null,null,null,null,null,null,null,null,null,null,null,null,null,null,null,null,null,null,null,null,null,null,null,null,null,null,null,null,null,null,null,null,null,null,null,null,null,null,51.19887634283388,374.5871873611542,117.66279029647539,444.80016723911507,269.4931650568917,20.121149823013468,-1.7803330802742643,269.4931650568917,20.121149823013468,-1.7803330802742643,269.4931650568917,20.121149823013468,-1.7803330802742643,269.4931650568917,20.121149823013468,-1.7803330802742643,1.0,0.9220292515112569,624313.928082834,0.0,0.0,0.0,0.0,0.0,0.0,0.0,0.0,0.0,393.949583,4815.459061927893,145339.5536909992,381.2342504169834,1454559.4151659764,-0.8293885651107624,0.09441198539668638,1.0,20.0,1070.224,-233.03833,25.00407639173124,245.1557568816589,153.9484762516016,270.85419306681445,271.9706358318615,-9.05343925923404,0.1790940491008861,271.9706358318615,-9.05343925923404,0.1790940491008861,271.9706358318615,-9.05343925923404,0.1790940491008861,271.9706358318615,-9.05343925923404,0.1790940491008861,0.0,0.0,0.0,0.0,0.3348262745306433,5314734.064142816,1.0,0.8330592105938797,1.730475163510856E7,7.0,9.61126755383332,4.1410446699085164E8,53.05534615294116,6411.891537757703,190704.5885130875,436.6973649028438,1576277.9260480169,-0.5730503120997814,-0.5650274064016533,2.0,34.0,718.3502,-898.41614
Finger1,null,null,null,null,null,null,null,null,null,null,null,null,null,null,null,null,null,null,null,null,null,null,null,null,null,null,null,null,null,null,null,null,null,null,null,null,null,null,null,47.99125470675111,349.70981257360313,80.87589806603657,415.1751693649087,48.15167461216657,-0.14212216240311681,1.9536952116321884E-4,48.15167461216657,-0.14212216240311681,1.9536952116321884E-4,48.15167461216657,-0.14212216240311681,1.9536952116321884E-4,48.15167461216657,-0.14212216240311681,1.9536952116321884E-4,112.0,150.41335403422713,3.677830411032669E9,0.0,0.0,1977925.3501122757,0.0,0.0,0.0,0.0,0.0,0.0,1.232299708834224,36111.22276640767,12703.25007266716,112.70869563909947,2969062.398059817,18.209325186723806,2.6283613451502523,89.0,935.0,928.82996,-405.55115,null,null,null,null,null,null,null,null,null,null,null,null,null,null,null,null,null,null,null,null,null,null,null,null,null,null,null,null,null,null,null,null,null,null,null,null,null,null,null
Finger1,null,null,null,null,null,null,null,null,null,null,null,null,null,null,null,null,null,null,null,null,null,null,null,null,null,null,null,null,null,null,null,null,null,null,null,null,null,null,null,63.47980744798108,300.25756713502824,153.10405878213805,345.48291398511265,270.12655157126005,-0.5479662794704723,-0.14495448452351134,270.12655157126005,-0.5479662794704723,-0.14495448452351134,270.12655157126005,-0.5479662794704723,-0.14495448452351134,270.12655157126005,-0.5479662794704723,-0.14495448452351134,1.0,1.1088424938226438,159320.39595548582,0.0,0.35841081032691413,5432462.09837318,4.0,5.129031810006693,4.863026879255957E7,0.0,0.0,0.0,38.980291687500035,6862.412467567393,212350.52765434844,460.8150688230024,1634800.7200440215,-1.6370504035931812,0.2829773466547144,2.0,32.0,784.4147,-483.19702,null,null,null,null,null,null,null,null,null,null,null,null,null,null,null,null,null,null,null,null,null,null,null,null,null,null,null,null,null,null,null,null,null,null,null,null,null,null,null
Finger1,null,null,null,null,null,null,null,null,null,null,null,null,null,null,null,null,null,null,null,null,null,null,null,null,null,null,null,null,null,null,null,null,null,null,null,null,null,null,null,null,null,null,null,null,null,null,null,null,null,null,null,null,null,null,null,null,null,null,null,null,null,null,null,null,null,null,null,null,null,null,null,null,null,null,null,null,null,null,87.14597561570295,273.5354566133979,68.44100411282272,303.69924932473583,95.60283616813649,33.293488614770865,-1.7204033319604903,95.60283616813649,33.293488614770865,-1.7204033319604903,95.60283616813649,33.293488614770865,-1.7204033319604903,95.60283616813649,33.293488614770865,-1.7204033319604903,1.0,1.1855588914581776,1835562.3526482824,0.0,0.0,729150.67497024,3.0,2.825402754125302,9125909.867313702,0.0,0.0,0.0,136.09008500000004,4061.73460686217,152469.73058469503,390.47372585706074,889552.9405703485,-1.1786531073415731,-0.2057767292663509,1.0,21.0,747.75696,-504.1443
Finger1,null,null,null,null,null,null,null,null,null,null,null,null,null,null,null,null,null,null,null,null,null,null,null,null,null,null,null,null,null,null,null,null,null,null,null,null,null,null,null,null,null,null,null,null,null,null,null,null,null,null,null,null,null,null,null,null,null,null,null,null,null,null,null,null,null,null,null,null,null,null,null,null,null,null,null,null,null,null,85.10574639140843,250.58942265877914,97.1599255216692,293.80761414826657,176.9696902972886,-4.410428806964916,0.043579165132063724,176.9696902972886,-4.410428806964916,0.043579165132063724,176.9696902972886,-4.410428806964916,0.043579165132063724,176.9696902972886,-4.410428806964916,0.043579165132063724,0.0,0.0,0.0,0.0,0.0,0.0,2.0,2.482688898014342,1.936651440884447E7,0.0,0.0,0.0,-9.22654814579442,11470.973727220666,62417.871478498506,249.8356889607618,1668756.1590023974,0.3031963474439223,0.36012144305798843,11.0,107.0,738.2904,-532.84607
Finger1,null,null,null,null,null,null,null,null,null,null,null,null,null,null,null,null,null,null,null,null,null,null,null,null,null,null,null,null,null,null,null,null,null,null,null,null,null,null,null,null,null,null,null,null,null,null,null,null,null,null,null,null,null,null,null,null,null,null,null,null,null,null,null,null,null,null,null,null,null,null,null,null,null,null,null,null,null,null,38.19653702718151,196.77014938114797,97.73018821203893,256.4420525637273,274.2602013173979,0.889923189129604,-9.234065602767032,274.2602013173979,0.889923189129604,-9.234065602767032,0.0,0.0,0.0,0.0,0.0,0.0,2.0,3.9038985009380016,2.9338601883318875E7,0.0,0.34546560370418794,2377539.9111198196,0.0,0.0,0.0,0.0,0.0,0.0,22.680035673529414,4864.781086349699,98079.27914291725,313.1761152178072,810416.1209729859,-1.1236792540277878,0.37141470127200227,3.0,34.0,617.7429,-428.10974
Finger1,null,null,null,null,null,null,null,null,null,null,null,null,null,null,null,null,null,null,null,null,null,null,null,null,null,null,null,null,null,null,null,null,null,null,null,null,null,null,null,null,null,null,null,null,null,null,null,null,null,null,null,null,null,null,null,null,null,null,null,null,null,null,null,null,null,null,null,null,null,null,null,null,null,null,null,null,null,null,56.06596236175122,129.76593604674886,72.73826458045403,201.73857645216725,214.54624418840217,3.6626117830521707,-6.027120853615884,214.54624418840217,3.6626117830521707,-6.027120853615884,214.54624418840217,3.6626117830521707,-6.027120853615884,214.54624418840217,3.6626117830521707,-6.027120853615884,1.0,1.4252636867017054,29917.24971430927,0.0,0.0,0.0,4.0,5.592822663606149,1.3761150171613712E7,0.0,0.0,0.0,-24.60021968393941,3382.613251339348,57362.811696130426,239.50534794891414,473870.08635659737,-0.6872704312266338,-0.2857650821110063,4.0,33.0,412.6007,-501.02234
Finger1,null,null,null,null,null,null,null,null,null,null,null,null,null,null,null,null,null,null,null,null,null,null,null,null,null,null,null,null,null,null,null,null,null,null,null,null,null,null,null,145.39100017421543,333.4028390534964,103.40278693854935,380.23356065732696,183.67723458937962,9.895916954613995,-0.3178906726775139,183.67723458937962,9.895916954613995,-0.3178906726775139,183.67723458937962,9.895916954613995,-0.3178906726775139,183.67723458937962,9.895916954613995,-0.3178906726775139,3.0,4.045942531406473,9.953760045782745E7,0.0,0.0,1747934.5279775625,1.0,0.844060038151557,3.4705893567158684E7,0.0,0.0,0.0,51.589613250000035,6235.435144866886,260903.72794984054,510.7873607968785,1719508.7100870064,-1.331273498736523,0.06244154415805636,2.0,26.0,849.9756,-708.78296,null,null,null,null,null,null,null,null,null,null,null,null,null,null,null,null,null,null,null,null,null,null,null,null,null,null,null,null,null,null,null,null,null,null,null,null,null,null,null
Finger1,null,null,null,null,null,null,null,null,null,null,null,null,null,null,null,null,null,null,null,null,null,null,null,null,null,null,null,null,null,null,null,null,null,null,null,null,null,null,null,null,null,null,null,null,null,null,null,null,null,null,null,null,null,null,null,null,null,null,null,null,null,null,null,null,null,null,null,null,null,null,null,null,null,null,null,null,null,null,26.49091577960485,282.8696646319611,64.15371276033855,319.8457334815583,109.42695482679642,-0.12554009437491187,8.588358495418549E-5,109.42695482679642,-0.12554009437491187,8.588358495418549E-5,109.42695482679642,-0.12554009437491187,8.588358495418549E-5,109.42695482679642,-0.12554009437491187,8.588358495418549E-5,0.0,0.0,0.0,0.0,0.0,345784.049839743,0.0,0.0,0.0,0.0,0.0,0.0,0.0,0.0,0.0,0.0,0.0,0.0,0.0,0.0,0.0,0.0,0.0
