Klasse,minimumSteigungWert,maximumSteigungWert,minimumSenkungWert,maximumSenkungWert,steigungA,steigungB,steigungC,senkungA,senkungB,senkungC,mittelA,mittelB,mittelC,gesamtA,gesamtB,gesamtC,fftRealTeil0,fftRealTeil1,fftRealTeil2,fftRealTeil3,fftRealTeil4,fftRealTeil5,fftRealTeil6,fftRealTeil7,fftRealTeil8,fftRealTeil9,fftRealTeil10,fftRealTeil11,fftRealTeil12,fftRealTeil13,fftRealTeil14,fftRealTeil15,fftImgTeil0,fftImgTeil1,fftImgTeil2,fftImgTeil3,fftImgTeil4,fftImgTeil5,fftImgTeil6,fftImgTeil7,fftImgTeil8,fftImgTeil9,fftImgTeil10,fftImgTeil11,fftImgTeil12,fftImgTeil13,fftImgTeil14,fftImgTeil15
Ringfinger1,116.86289919971273,626.2111514767405,122.33843500264112,692.7223369307886,96.86200737232599,155.90061169719152,-22.61010143284824,541.8907053594667,28.745356160090523,33.96746432513774,0.0,0.0,0.0,155.55375296433564,133.82136588068818,-6.7601770902616,-2385.8012189897395,-2245.2348086737943,882.0168477345578,1963.1587371200394,-1990.412173534728,2462.490208250273,2236.14472279611,510.4579948554183,-1717.5995759625873,113.58447969110557,2444.982318989857,1844.0279219970726,1450.690734945928,1217.8276681150792,2316.4336083553762,-2035.284911159219,1325.6458738093256,-41.63109130594876,-844.0034893700838,-2013.9457004722667,1289.6526920712572,-565.4716185265524,1136.336766315315,1868.9772332593466,-1624.267718376046,-1067.7243438159812,1020.4601045502736,952.2522363376679,2018.304020173534,-2107.937477569904,1426.2180330547203,-971.6814327167028
Ringfinger1,115.18053256856061,783.5425843359562,101.23153317634048,777.4534857196604,80.20714051064303,230.30111683117082,-5.096410293484965,599.0384531995198,219.46470498661444,-15.10978677080869,0.0,0.0,0.0,115.00417569136809,112.12351206891368,4.925029775214654,1735.0431862561782,651.2221663866517,1335.771422740641,-1132.1056668933222,-1525.277345398287,752.6029523284756,285.80060062103166,2172.787038078026,2259.1634607064843,750.3667118311032,-1788.494792939247,192.05100543218987,-707.6939201862692,104.66360559164787,-1147.0696183610112,-1429.3919509587704,204.84799076641912,-2336.653081845972,-2273.7005692156854,-1811.4709739511331,1222.366859366923,29.969341101403643,534.6018263171604,-827.1273291940645,-340.4330681627466,685.866092983254,2148.8298002259007,1897.436073689636,1511.0593636488888,527.2129023482448,1691.356224614483,2455.7771853969825
Ringfinger1,119.32219909194583,714.230638893067,125.96055889726614,557.4874980540866,65.90082202695324,279.01100558127166,16.662063397067726,653.5464970733038,127.11792761389688,47.90387372746525,0.0,0.0,0.0,195.0377258810207,129.859451816835,8.61304793240005,-2179.7553023434757,-420.57570448007573,2459.4676516215923,-2121.2956714195143,1558.311180631756,-1067.1648565606683,2190.5243471452022,1593.0473547022416,-2088.5568254065956,1865.8585555996506,-993.7496473708629,691.539255667285,-2136.280879902175,548.4828729346132,2129.899565560392,1333.3265244557674,2319.1279010545213,1698.0000904247954,339.28776051754767,-817.2181216144147,-28.110172355864506,-583.800431409227,-588.0018183019492,-1826.7912795828395,-511.54290867031887,1482.75825056115,1873.1068459120424,1182.7457075571606,85.51581654556776,49.59982614234377,-2331.8213768903734,1606.0605491810875
Ringfinger1,109.38724520487565,747.3372428476358,100.87496972541476,699.6364687025898,72.39198380627442,275.5352817035173,-12.517639128544758,647.7825198945412,249.78247802828116,48.771662180783494,0.0,0.0,0.0,118.14877676465976,144.0406842000072,-2.2830246967598242,-2082.5680901177384,-2494.1596531924683,1290.3790898278935,-204.14967098994885,2254.761913066448,-700.3772153384614,-1457.1079418078991,467.2279563207644,-1913.4968465320046,-2158.7498489777795,919.1842501591045,-2078.5812120635856,1144.9410067052409,-467.3540676907039,-657.4923938061268,-2195.259771331321,-538.8240056388961,-2308.620233795976,-1158.0172627532959,2122.4785330161885,791.165039029187,1266.1433461272009,701.5179396887215,654.715789237157,348.95462698386655,-1735.5691154861158,746.4153186849171,-695.2016834174301,-1023.1868216363864,1830.7474835104013,-1404.3122710570099,-73.19933520082077
Ringfinger2,103.77255113648815,427.7211841654573,116.34291202219411,617.056835349889,72.7213669173904,200.44005147215054,-1.2081973876044145,590.6327419534423,-104.90709914352925,23.637613316632894,0.0,0.0,0.0,111.80436393710835,100.83394272736984,-43.540610894252474,1809.8937874860649,-479.4522886816944,-496.9820672291348,1297.4462986797862,-1681.4774062953059,2245.0591171977667,1115.9962473812388,-2265.478646225307,-114.2857363740186,1344.7798830676152,-1869.8204110185134,-1530.2538060316967,-1482.5004799035346,-173.21056499166707,-1767.524282700832,-1928.4082518981727,2204.3591091751423,56.02122339741345,986.5931930484685,379.8246545865027,-1768.5995234245038,1000.2895012601848,-2235.5932868328505,2147.3914934633067,1792.7586737950332,2187.5116826639805,210.3728127698273,-1190.3989838812201,-896.5025081799827,922.550204819373,2194.9572058699814,-2493.3018704399733
Ringfinger1,101.28125767979549,699.5395551130194,108.8471029450416,723.653682749346,104.42500214287398,207.91155639803162,-46.688040002119536,723.6978742591667,71.59716732110462,9.576094286229463,0.0,0.0,0.0,140.1433720876752,103.55642523844695,38.323366898898,-1535.221058942865,-830.0770391103736,-2072.2599563430613,-593.0988107923906,508.44965613313207,-413.57643144489657,-2132.043488041177,2149.022824027832,-1851.5363243717316,-74.17986020415537,295.59321195544544,-1477.6422048829618,2062.3338425723023,-594.6528425542381,310.65485006369863,-31.908856711765566,-1397.1423382555404,-782.4065454111822,-133.15077708885747,1959.5738901742225,-968.2325227708311,1816.2951585229075,-133.29591977785276,-482.8942738160174,-1637.3077834427652,1577.9134258905551,1672.7036714401556,-254.25513187400838,2465.3892605835645,-1456.570491401863,-2143.896810023312,-787.5826995445361
Ringfinger2,118.99362003666988,728.726591668046,124.78092713478235,465.8217057369518,65.17570784085484,278.15014369543087,-20.325568163873164,755.2182661055343,-131.0423481171846,-13.437222218965793,0.0,0.0,0.0,136.2825131878438,153.3402340060046,-5.743391951441168,-1939.733639187758,443.4561576705614,1370.0392047931682,-54.574800682218665,-1272.7071427007386,-534.3606289485454,854.7881002846793,656.5320710266701,-2495.629079032317,2125.245012685561,-297.1336577931943,-1650.903977940145,-1204.823628298558,-1547.6978402967711,-1549.794912820674,-1073.5216065687819,1858.4685580596388,1167.4061056062087,1809.088700830287,-1416.66829713061,137.0088027271754,1165.4518111823309,1680.5546491809255,928.0929870088676,90.52551033003465,-2470.346306479258,-819.4651101284794,1627.2698206895184,1813.8767680507635,-381.41145527390245,-2207.6259863694813,-841.0011638074682
Ringfinger2,112.92641906648836,594.8901178102435,121.13655708850422,754.6284495311638,73.3877002648477,164.06557669648944,15.80923825471345,505.0234031831197,-115.72326169100293,1.7310920742417721,0.0,0.0,0.0,143.85314047728883,190.23531101583058,-7.1116482859345,806.9748937888294,236.18514000394407,-1884.4593895876615,1643.5206530505375,1976.673870191862,-815.1547959732009,-1278.0589119534586,85.94238907852832,1183.7390710156324,205.97870695038227,-1059.4220188589431,-818.195827449073,1090.13952022579,-550.2532584871844,2122.864878802572,-564.7993570679837,-2263.5681299815856,1455.5570684758072,2286.37772981691,2255.2872398866457,2154.4253967710183,-1076.9187507481975,2155.348024687518,-745.2853672659382,356.40689254762674,91.2005355693691,1248.5333189974103,-1789.7069926166198,920.4414243151627,-573.4995544010219,615.6290273917757,1198.7284560276644
Ringfinger2,107.64646590633842,432.69308517966994,119.62958541053013,509.31408441368455,109.03507808986537,191.9207833011671,41.35190205147234,659.1605352067627,-225.83895976145863,42.77927915331138,0.0,0.0,0.0,126.58197535472387,149.47128489357232,-44.85930877806992,1131.4386926853863,-1.8157199294901147,1181.3957793818508,-1515.9414872646282,2272.7036741118964,-83.45190277197025,-1511.822757917395,-590.4233381073998,792.6086520454164,703.5496234270809,536.0285907146672,-590.4436802176256,-924.4148056239942,-594.3412645375236,361.29723302394996,1384.9307080625244,663.9734729567353,-2444.4001772544498,114.34134697496938,-872.3636280643138,-263.32584083494294,966.0802277220105,-480.4418611990768,531.1005504454342,-1358.8253988975075,1629.904660128992,-2371.342911911111,790.0838549037744,-703.3835059160042,1588.5828113576058,1612.8280954551847,918.8770083875274
Ringfinger1,112.79914794931649,617.7866153468996,107.37554413717515,489.5334669398893,76.64093628369389,220.69832938716354,12.717080900150592,520.0631482534442,-70.0451673186025,-26.880352459102873,0.0,0.0,0.0,108.44903483533388,152.39998331694576,7.491050029235971,522.0890272798993,1455.268649739552,-2021.50258928541,1954.5241311115087,526.0465192868419,948.450061132778,2093.6920551031553,1194.8178407763376,-857.6036010421533,-605.1308493340141,-1072.0056735833778,-2257.4302689052993,-458.09206013110384,1234.2052869021772,-1476.0376388123568,-738.3896608520586,747.176364402329,612.2598019477332,439.516702628594,2351.697537364662,-1744.1763230396873,-1004.6164193131578,-1441.007410495746,-1422.5124306954147,469.3685166653622,552.4578560146106,430.27632567698447,577.8828657274325,-1928.9884876334968,-391.14531101815464,2433.675958930642,1381.3093307843828
Ringfinger2,105.70217680379493,577.0150888470832,113.8954755396176,745.9207448267525,76.28593574599512,277.07471008626624,-45.534838507038955,718.4171536267891,34.26439208454042,3.0144636190515968,0.0,0.0,0.0,111.03527803425504,149.60964164540647,44.034104562291205,-1578.8157618904459,157.88026238287603,1654.1680357879914,1710.3909266003748,567.2062229921903,-720.690966703339,-129.43595161070198,1980.3020728698148,118.4591928361815,1780.9608769718916,-280.83851302145194,-608.0477862867983,292.95358767568223,202.24825398636085,749.4296865382676,-1434.686765372838,-1593.721350085681,-295.27015228574146,1221.2824994718458,-153.0760588809576,2093.001416127575,865.4224401591887,-85.64287453159523,-2023.0136123943664,465.68986726458525,1307.1757194830498,2.564460275494639,-383.0047545137645,1059.6789216782158,1650.05699964804,-149.26827420844393,1139.2094978834093
Ringfinger2,100.70529778080018,500.05208310497807,115.64271223537888,728.2235633599444,92.97448781531801,292.7476178691215,6.316441914779972,637.9207469033557,-111.91550376440523,46.828470702493746,0.0,0.0,0.0,177.54391401157125,116.10636390390782,-49.30608104785424,-105.27473625956645,-1191.4424214224812,-1075.961175707042,-709.3744066470149,1177.7171125234145,1770.5363692262263,683.5334779601703,1020.8592765096737,311.11549381723853,738.942922368823,73.88028574398913,-1434.011380035361,-2325.008412584327,136.1692350348735,812.7269892831159,-641.3001822111507,2009.3702845360895,1348.4516842203348,-1457.264353568788,994.3690546732328,2149.011849506339,-1927.078283417457,485.593596998614,2327.0741530842643,1334.6154727635103,-1166.1658164175738,1012.7405350199897,1201.577553408059,-922.7264465869794,-2144.208541298606,-61.98856043818569,1928.1135828215092
Ringfinger2,115.29809599960728,656.9342283019218,108.04500305356204,410.9214795873076,64.52857630287683,255.90173724451094,-0.02636347179579701,623.8760078717183,-46.52305023120985,40.04049472636137,0.0,0.0,0.0,134.65101154420574,171.45749237072744,-0.7559049271220886,1492.8893865820014,-1748.2275165547323,1314.4837135697412,-1193.5398727138906,1055.349889110364,984.7072882638208,2359.8575670343816,-1752.4030248141225,1146.0781362395533,213.2942032736555,2414.823077386278,1227.662914414554,1777.5448768932138,-1557.8618225069463,522.5320043921024,890.837684603875,-489.81855768991227,1891.8520163011963,-1783.9081386535659,-63.945131296288764,1339.2847023245113,-124.04805652445839,-1300.2117816035864,-1194.9625926312629,838.6878606887972,1539.323571107498,-110.72066953942749,1772.51514939573,417.9770310534209,-1201.5750047505314,947.9162133178775,-143.61810349928464
Ringfinger1,111.93906528740852,491.2995741680154,125.43713693791733,453.9599828416432,83.6777903542889,266.1699196640846,-22.090169813170814,680.9317136048655,162.1901688456495,29.527146275095134,0.0,0.0,0.0,131.79569689794906,109.09325430955451,-41.399426373489455,-600.6855165471752,1475.3273458467952,-460.7407974396692,-1652.1285944955205,1004.2417399752094,179.7745977327545,-508.58771364130143,116.16498063719564,1202.934110892846,-869.4374037059504,-1585.6409359961194,-58.97725901294007,1496.9241858526166,1594.5194699463686,-2106.2567709580844,1876.5386664495236,-1595.505896767681,2185.5048972023496,-740.5059953767707,-705.37602464474,-262.9811943710397,-1324.5327318721206,-1941.9886736514113,1021.884570871277,1156.2614194501593,-854.7267442430191,2183.6985258963905,438.5886559084088,-1004.9182235180322,-1090.274003996614,1276.0729279615693,-329.91880993385166
Ringfinger2,101.14683094923932,548.4673240359114,106.27980877508337,726.4636974916688,108.36619549879731,238.78802382308285,-14.21009122364628,688.7838922314446,-220.3390424624645,-32.49674513381512,0.0,0.0,0.0,132.15692735859238,164.91720509861216,-23.99598945046123,1479.35687626785,886.235227631842,1086.5318399538114,673.1201157166588,1916.4202295190535,-103.5952076489234,322.9747458089714,-717.210688594635,-2227.694314915265,-2008.8895521421873,883.1724436316081,-1832.7303641067322,565.6595369229872,-1493.1427756330806,-2336.48272905359,177.01558201644912,-967.4787276789305,-1649.5004597765162,-1343.458569544918,-1025.9362929873778,-448.2489643495328,-1721.12432285986,-323.0718303127178,739.8030948939345,-1797.271898277933,2003.5296536452379,2468.9831481603906,1238.7892339738,-448.2028997533939,-1511.5491806612713,-2155.82707030868,-1722.1860979468606
Ringfinger2,107.30418060229142,750.7353304271619,127.17826247536787,482.4236801673327,97.744129012889,203.57117942218218,-24.70721950873177,520.2688117593924,-74.8070121375275,-25.311348188688953,0.0,0.0,0.0,116.14160877064187,166.79455992971796,9.245441087594344,1923.0462590341704,-2405.8584628538356,928.3867350844534,173.37157796183556,-436.0583759862998,380.0762269432921,-563.2782796886415,33.470539347010344,-4.217128594536007,-462.0703559053536,939.2827344684574,-1284.3964181339534,-1880.159987676226,2284.9698852246565,994.6642465807108,1719.8452157663187,329.75234480757354,1940.033634272444,310.0793004583179,-2315.378941097889,272.40345370154773,-1772.834527547107,130.60752473931962,1697.6745253504687,1581.3488568508305,869.560544049004,-1394.719068945251,-1252.7760001169747,-1589.78633343495,-1073.7608159613687,-1279.7648257785377,-247.41360390932232
Ringfinger1,101.5680035779834,784.7182460316408,118.64848741712646,650.3924409508485,101.59146006833572,204.26989894688182,45.9821430876262,540.1856531952391,-27.075461754226524,27.734420466048505,0.0,0.0,0.0,154.84788217800707,113.51315306025381,24.914356155605347,-332.99555893108527,1154.722492899261,1436.3637656693109,13.278277227253966,1972.225709145414,1557.425824988522,-287.2447888054612,1550.072651378679,-1595.3012447128028,1464.8434153718608,269.86013973604395,1107.4660270285171,-138.79109684423793,639.0961030305143,2022.7098726063596,-1396.5345545554464,2152.4471396568088,-6.46946423407735,-1509.1837091109496,-43.414980352204566,-525.260963806531,-732.0427306926158,864.3566176978893,1491.8272449617757,2385.2638857003412,-2168.847233332277,181.32716076366114,1215.0843572457143,643.1783156111396,273.82147650253,-684.9200976202885,1043.4488590604628
Ringfinger2,110.76018786036792,764.7495735910433,128.61764348739055,410.8485236972675,94.59150971003343,275.65140763819903,23.289338659661013,799.7760717510355,195.64622467121245,27.728430153910523,0.0,0.0,0.0,183.7094575268468,155.1714431263478,-29.282209323051124,-1467.4019275274586,-2281.544555085162,-1725.3666022320485,-1726.3186662233932,923.4554840495584,-294.3668145966576,-2191.5971428897406,1882.025770195959,-678.9287373523712,-421.56704261785853,2421.2083460913145,819.8563154632734,1102.6728104646681,723.4762871717376,-1887.2502143667957,-1617.3442606663468,-1251.150402637144,1586.0978335397608,1993.612899487036,-649.6326502239897,2391.7003075739267,-675.7744908328477,-1503.39907990232,-140.1738433083492,144.99223376256032,776.8775860467968,857.0143907046231,571.991194403196,966.4836752976876,-746.0818690328829,-1995.3235637126854,984.8637864683524
Ringfinger1,110.66523348669102,423.6450586533723,128.84627861556035,545.9845106624462,96.03023509014126,167.0108235044103,-12.7123389828852,752.624031162422,-175.06923820063474,-5.058646715913625,0.0,0.0,0.0,180.20871752658923,176.54015325134768,17.71733411619381,1796.315694211109,1578.3915829997145,311.12005986816393,1030.775249110824,-427.1629881307008,-1228.381882272357,-2213.834704486173,-1464.0021434134726,-2362.1278139760147,1932.0796033619954,526.8756967453314,-2219.1825304217527,1074.8157265470231,1136.2250944906727,723.7645514990163,-1885.0262257580307,952.5409160724234,2226.665726916989,180.4436796373484,1210.9778969292079,2026.8909383177743,-245.2044524779044,1383.2729501168687,-862.52846329047,-1431.892536899962,-146.0709729008363,2384.5579426768827,459.4699130289955,-1779.4912479678953,-1268.0140935290706,-2441.42535882659,-198.02126331908903
Ringfinger2,108.75628887522123,434.32916154860345,119.29519238496378,514.1615589992855,86.76366736894776,270.67926516311,49.72333237333518,657.2749791929255,-230.62320474764735,-2.159004043416502,0.0,0.0,0.0,187.78932291523427,170.46493117246905,48.21194297820362,1213.3203447255814,546.7243047343086,-2358.8868981480864,-2062.4386318807274,-641.0798143336476,-2269.962857386903,-1960.2994427138653,-1555.8614958870637,-2237.5945017835893,-2065.976350545158,-906.7338699040201,-2347.886906369988,2009.3856664971963,1595.5464921181715,-1703.6490355915712,-2259.4384573378534,-1680.0180651801738,-845.7114924309756,-2115.942373000995,-1194.4556885891689,-396.9594756744864,-144.50264364071427,954.2050372624794,-1321.9531891404324,-1279.656788558915,1878.6809931621665,253.078862640466,1983.2860758057204,-1479.0888198708346,1837.6789757283168,696.261357523616,-2011.5765721836876
Ringfinger2,106.4325452464291,678.623550325115,106.2350922360266,475.25960789534855,116.7578576120592,196.9881939205095,44.91257897729085,544.903560703711,-87.3429034002931,-22.856755952974282,0.0,0.0,0.0,130.78445661009852,138.5391591712224,-30.610564444601785,-2037.604767619433,701.3749207565124,-1356.164378088983,-889.3851791674745,851.4717410894536,-1876.4144552766343,2232.1793874688165,-1217.9008784877244,591.3413377795323,-168.29044151251173,-805.0438262036475,-1969.243000139394,-1219.337791802299,-1131.0398380727627,-1194.5709522014508,-393.4286747596411,-608.0443563127176,1176.8423644518211,55.511045061259665,-1842.9698285128482,-336.2669364508115,1774.7647085852423,1207.7069354741611,1125.531958328419,-2167.4815250197967,2304.3742467344946,-501.25377255020203,-1815.3673188547655,-1708.471725831709,892.5622004915963,2065.0257248316166,1830.81940574099
Ringfinger1,117.14169633366917,664.5278490214828,109.91970403311961,644.5140661978281,77.52904771967977,176.79970170365945,30.088295222275548,674.6759803261841,-3.6593792888650682,-36.76322975802684,0.0,0.0,0.0,118.76821369303322,191.90335223980395,-24.08023146689716,1823.1112856315658,1446.8407125307672,-530.6014259017061,2296.9623883975664,1302.9422979083838,1684.9216692144973,-118.84378035029249,1840.215096698621,-2281.5611245199275,-1996.046519583745,1063.9411648302826,1433.488988910848,406.1616127351158,483.58296113937195,2318.115915505956,-245.57526286101574,-27.42842110355423,832.5210916521487,-694.9242100476049,-1523.43768252988,2355.921538104146,-382.50754228221604,2218.8792061521735,-1818.1788604845483,1884.060997413937,-2460.9945822165528,-2130.6114767533813,-518.6600407036656,-379.25317197388495,-868.5078004190304,1685.5830628562817,2390.7029202916847
Ringfinger1,111.60446337223793,650.599432076516,102.07813777330496,480.22882222406565,110.74181203554153,227.5032893606022,30.022380942795124,554.8432902431625,-203.49857206556572,30.369694149732894,0.0,0.0,0.0,181.26662660071668,175.7384502991731,-44.92644370925441,-1173.610586038244,2131.417668613155,779.3837616729484,1475.0049545812171,-1917.3670133462433,-413.1835658588675,2264.9066949756525,-1056.2261180450093,-216.92018973151698,-1655.7485851317865,-2054.551220103798,1749.196952760548,-860.9596568471468,314.0003023729332,1012.5892313245577,875.4632959826031,-178.73612528749754,-1268.6208774274576,1274.457753007474,253.41404391668857,498.3326933577596,-872.8683846740059,-1928.9972267527617,-2145.6907680019444,433.9306329715714,330.15158704861415,935.2013094469253,-72.09199145283947,-344.4995756737353,1789.368324305413,932.8803084249757,2140.8494906123333
Ringfinger2,107.85446785238436,782.5991797952927,125.73464729170009,777.8225052988489,118.75004468296177,162.42026902535017,18.377409732327223,788.8678345413573,-149.95292030905506,-49.00958885428719,0.0,0.0,0.0,139.84146869008714,115.74638083917115,-7.634083001473179,1714.3792541546636,-195.04004711746347,-753.0029386536619,1791.6141716402153,-2188.4832355331046,562.4330401717152,1052.2969334752097,-2055.200429804944,-1422.0271280255108,-2186.3869032865077,-1317.2961398208488,1780.3037073310743,680.3206486788895,-1062.932610987704,-606.1843226297885,-1913.5274173994449,482.25722602174574,-1072.5446991391057,-2081.1346199436016,-1220.7387944805098,-756.4238117635418,2370.7838590037054,-485.2571726290639,1327.6855861313193,-901.7082201785709,-1779.5365709376476,-1751.0826270511686,1972.7363881987794,-1575.597477253306,329.99659555562766,-1316.325956633253,743.0182161102516
Ringfinger2,115.66309936612097,652.7145965377324,108.9885539990732,753.9127818411366,98.13914774641408,290.65797268107156,-30.56981013643958,657.2341879501622,-85.72946277584265,-29.96735945559722,0.0,0.0,0.0,186.60283955662482,167.38777720363007,1.759698580567779,-1940.4706091129303,2292.6878473914885,1743.6315324965944,-627.3405952299149,-2337.7544029730225,2269.8918239151126,-506.9037623660922,260.38669359444566,2166.500252655267,2142.9039262804554,-2288.766797458289,-1872.1614404022669,1316.3466100042415,1797.7374095675332,293.8628099113512,2166.8514898808953,1755.7793938126788,1699.2667124177833,-329.2389429034438,1474.8644639346307,377.2584467712254,1211.5027314391045,1398.8005970855897,620.8751420202407,1581.3710858497175,-1263.7591590879038,-2284.2760535783286,-556.1470572432509,1597.8634971246893,2405.792781447609,-1487.469787405601,1094.4819232511359
Ringfinger2,114.37036343981107,641.593262137379,126.89676473153065,793.2144768485972,68.89193648449654,162.96763296271965,-1.1119760117651722,592.2594943104241,-151.83496650799944,15.86641292376568,0.0,0.0,0.0,135.16662439712525,136.13789418989995,41.19345798691107,-779.2096331633668,-747.017524244457,2328.635056400509,801.4320793400752,195.2749762395688,1481.2866491252616,-289.6027907775633,1305.4175579902853,-1287.019467117662,1591.217086884018,124.38578038279229,201.4248103333066,-2044.60946239944,-187.2480033241509,-989.4470131122241,-1295.9806474786317,-1453.3427955651673,-2265.1603311185004,-1498.3783285364955,4.935820252147096,-712.209275025873,2052.016719093096,-2118.2748220693393,1852.1914969714926,780.2867996091877,1875.7916171785291,1237.6025678320943,-605.0557655507821,701.6620617801909,-1513.1454071048138,-1074.1772522760318,2308.521565110166
Ringfinger1,100.46054672649092,789.3939779994922,108.00358911686752,699.4208999221726,64.58734894891258,161.64644002170004,-0.017869538182949896,513.2882695197861,153.0323320057007,-17.87938500882862,0.0,0.0,0.0,136.38031029389666,142.61148540611146,24.040896388136844,368.1273164258623,-702.2010312476141,-1112.6090708440195,-893.432175526825,-1323.0691985325127,1123.2080796559162,26.36331697066771,831.624387487589,2438.195510904825,-953.05853811463,-2094.4975037596632,-996.2744959643148,-2443.6310311681514,1653.7760671285687,-1968.5130280250773,-1082.6522326072845,221.8501427719043,1332.4229469502252,1434.845440265547,-1386.0575659993042,-545.7232557712143,-878.3548011079761,-546.7483704632848,-1563.0410335247657,-180.36321926185883,2341.981791346191,1789.7679476768399,-218.60150150528625,-985.4359957014819,99.669268072244,-243.29811104661985,1202.403044481644
Ringfinger1,105.99795170570958,658.7769216452181,101.03303150853424,643.0258580557805,99.50290349241892,286.7601775132041,-0.36099458519216654,640.5216836111606,210.65640233291532,28.037793780259307,0.0,0.0,0.0,107.18748713221343,174.59252476040842,-17.622709651715176,2012.7511452057524,-2034.6385457991146,-129.1824276898069,-905.9652620889265,1809.7551610009014,218.6694861277124,-760.0321482085519,959.5042359723343,514.6951680868824,968.4551878417114,-2418.263569258039,-2072.5059111696937,974.9944379321591,768.9760696302078,-519.1656789837245,-2068.912118175853,1170.4075552900872,-1541.4999606248164,991.1962717403826,2167.974600437019,-953.1044827395435,-596.0740138041438,-1063.899100140407,1170.6108414668438,1283.0438506473452,2332.7426432142383,-1515.9100574172573,-1015.3556593592473,-2033.9740955596126,-2072.4155334837787,-1892.3460448407163,-1828.0315148134364
Ringfinger1,104.0073405478783,752.1005002478331,129.6694006199522,615.6016752905628,99.44492502637908,222.75073709628583,-26.237161146685615,713.901557775239,-129.5698777387751,3.12614049863987,0.0,0.0,0.0,115.1125408580541,169.5620352204897,-9.005298425171837,2180.564579590189,-1878.4532090713824,-127.2365612617441,-775.7276253827961,-2313.327544270163,638.9255046211583,1952.3827273028292,-119.31748572154493,1483.0590024580392,2113.8377151167942,826.267359830616,-713.9017157478688,2018.5941643507404,393.03871457767355,1061.9133054061135,370.4583444378668,-809.9749817859713,2073.8495519322705,-1705.7556650324118,2114.9719260585725,128.934241586825,-2233.3933597135924,657.3074240917913,-1050.519278173862,-2258.5376386155067,2189.9141695970893,841.0081173772223,2231.459023612467,-2281.088458495816,657.7643664173297,-812.3781451618349,1990.378256301491
Ringfinger1,115.69561376375782,678.826534881219,111.04478378817443,791.5196800450118,80.65691027015328,275.81840699124143,27.735447014122656,524.5968711227529,-124.08369831671007,-7.0551309706900796,0.0,0.0,0.0,135.60440396483136,179.9312900680045,10.491149229620312,-2101.776255973841,2381.730359653374,-1892.7411074461902,-1424.1970237245466,-1126.7431019541807,-1109.3255103848837,-1461.9192886879762,838.5902306229436,1657.6812279044616,-1934.93731066596,2102.8965389569466,1566.3687600266358,-2228.23713136945,431.3753225854284,-1936.2883289207134,-1752.9271188695284,1427.8021732550433,46.0326922909594,-2198.9636200453324,-2239.597072369793,-2281.4847806708153,-265.0784007930015,2.6672743397957674,-924.7656259839521,1955.491477351572,2047.4805457199063,1083.332671471916,2351.878135664584,-1464.8355040220702,1492.4423120672277,90.19930252241966,-699.9243962533653
Ringfinger2,116.17952276860858,747.1180749695695,121.1287030361014,688.3646342849705,64.0303083510969,206.2706446359401,-22.521596597581716,507.1003334568182,-66.32719978353907,-40.421722997611354,0.0,0.0,0.0,176.76151964613598,193.8024420881805,46.947228709215466,1813.6337825345363,1268.6198742550037,701.7494510430602,2021.2880364597331,-1983.0700474035912,513.0363710757756,-1881.1076279708539,-634.9780618952743,196.44755871757116,-990.2511877015052,-2424.279926237262,970.3327059235999,1985.1838242317945,-2251.0991615603007,-1443.0875114325515,-2481.9900412226316,1087.761795053469,2056.231126191411,-1207.427949458209,1513.6201968959822,2230.2593341851807,823.1351033805195,-1717.9831426663118,-1633.1331547040136,-83.31031659505015,1731.2990429898964,396.23159063446474,1542.1499881496602,-663.6729113360911,1378.2801164030138,952.7871432563716,-602.8012576742076
Ringfinger2,117.58793532442185,673.4962052919068,104.59540925871204,414.19247484314843,118.47525517756108,191.1061776373436,-21.191806191066387,704.9087126110669,-220.75355916961254,30.992762634859602,0.0,0.0,0.0,168.13170207823336,186.24169619834922,-15.44841358332485,138.50501889481984,2184.9145756251773,-213.59420745164607,-104.78120896091741,-55.17988272731236,-1747.6233013372344,991.2904515198888,-1566.633534358629,-2251.516822091618,-2194.054068588813,2490.3190293925227,-435.14109873992356,353.2214700434515,-1385.299359673886,2445.2922074902663,-1843.0535881224441,-941.6405948408812,510.45959997659975,-1909.4985022484389,-2257.7663375899697,1820.4992269877011,-2463.502276340745,-1724.0910586080277,145.55639119510352,810.1803362391292,1153.1082834340755,-1116.6705246237996,218.12576562219556,-1618.9082758139812,-1804.0629712133632,-95.7222473485026,760.4356088193376
Ringfinger1,109.79930386064076,606.8694371276397,102.72059699646826,665.5722921266942,80.19315850178104,272.6210168157642,11.875898982617286,681.1026246656312,-105.81027906429364,-39.74472759328209,0.0,0.0,0.0,185.33899362059677,155.0124444580194,-49.519147345739434,1776.8171046705475,-2317.2300574978135,528.3158032405308,-680.7237638978243,63.536206222576766,-2145.7186176557157,-665.2345585644841,1418.4233800886382,-876.8582832347483,1907.4987558682424,-1056.5447228295927,1480.8461294785752,1581.4355727412199,-1063.8171044658213,-503.0134392627772,717.8175670501992,-1679.299637173669,-1369.9358748007735,-126.72320729085232,-1869.6714906139305,2251.6173495661433,1526.5592722861256,2365.8825207028112,899.7819799787871,-1122.322673225149,-271.23196175386147,840.4667057754705,2008.8749804024783,-1956.2142876441485,1908.9703816320052,789.5277665789245,-1633.3261992669864
Ringfinger2,117.45959612361034,724.3038699122205,129.74851273669697,439.2920487553245,95.91921724533694,220.3890879742822,47.152838754173786,751.5039506207956,-71.4516160003416,25.90610305431578,0.0,0.0,0.0,177.94497798499458,193.373029622591,-42.908927794694605,2388.2308670998327,-2283.219217516199,1129.5923465813958,-1248.525891996463,470.377294695465,2155.042961451586,681.5651010327529,2421.6692754731685,1881.8823633637858,1605.0574884419038,-836.6607292889987,1702.0444133431474,-1548.1115636174682,1717.2869308156205,2021.7278909679335,1983.9795159045134,2486.958359995824,-32.49214942286244,1162.6519969967535,486.3732050939684,1458.1005313032224,-2059.9321531789365,1611.094494123593,-1547.2936416805637,-720.1943708598346,1479.925261111191,734.6364921057434,893.4570331715531,1727.4786650062297,504.8159768165642,1994.6688752147093,-1334.1033757258797
Ringfinger1,114.32396269997557,672.7752459881845,103.7710422306635,625.4782956686647,77.46000560065698,167.98407663058822,28.227419755985764,650.2899727215686,-55.45780132283096,-10.359077652931859,0.0,0.0,0.0,136.40398833714187,149.46620420613488,-7.451540771820277,1183.6778740340892,813.1429082641307,1912.6009587936942,297.62824905217303,1578.3836288656935,-1479.8697856968988,675.2222966349937,574.5602639444082,-411.77791050173437,-796.4062102978758,-1034.6649659680274,-806.8429381648052,-1790.9406710929632,-1600.05743397705,1189.2835384130863,-362.33004131979897,2282.340318997387,-20.132342782751493,-1224.6896412127167,-2326.9451768605554,369.0937534030886,-301.8824456414477,-1370.2837431632663,-2298.5585548349545,1637.1460438782924,365.9575159481492,1043.6330467784483,1382.5039303689555,831.079052612718,2181.51758696859,832.0317939238644,-276.1023544137288
Ringfinger2,106.61924083959802,518.1184722210285,108.00027662478138,670.3224614994272,101.82203052306762,170.12784150107825,-24.877623870975263,513.8653111055631,-156.50259890792162,-2.37706524122909,0.0,0.0,0.0,171.51812920940228,107.325241473622,6.12262941999191,859.9419322329472,1435.0800521182696,-1106.6115160629058,924.4254343684834,-1856.9487682686904,-229.10622998750978,-1618.9811755186834,-417.4749537843577,-521.4027098475972,23.90126610324387,738.2990178666382,-54.647730208227586,1754.012649730139,2154.4227836807513,-1451.038728547658,-2488.2633244430463,1818.656585660192,-2425.3836531940797,-1531.6027416861975,-742.1159950653621,2260.0250637044137,2440.942344311835,-863.4934967526153,879.9398251040434,745.4671488752142,1770.1503534671838,-340.51285193199783,1961.3040563325048,1983.951207672776,-1362.1882483602183,-508.12961563326826,980.414507650054
Ringfinger1,108.68757572519198,741.3777863462523,123.08670677922916,765.385336310716,111.61813402979081,170.00410943206452,12.80344999124977,680.1063404563041,-7.146940946559539,33.30486769029352,0.0,0.0,0.0,197.71629964017782,195.53672942448566,8.511878227076863,792.9261579601443,2161.383730002076,1681.4148879059776,1188.9611229099874,-365.32749886668034,-1285.6961764173213,-1188.9138559109035,1785.0154547489992,-1883.7883508232278,-1574.845607181067,1857.9306673378069,1395.7884212187528,202.30215227065855,-1656.132381882855,-436.2742246542416,-248.4919493612033,1822.4677167916761,-2060.4150390157274,-526.1084181026126,1603.22621504379,-89.76416456516154,402.8432400332499,-89.01722738349281,-1661.1414864900314,1345.9739188015546,-1103.9439695311648,229.45600552406086,1736.495024499016,1448.4688205935677,-507.6794168754468,1731.894836884594,-642.1959127382827
Ringfinger2,113.45189873075219,774.3654942721575,110.38327668695027,708.9209361753037,109.07600641701995,219.02637154138824,-3.1875071188050654,722.255159891684,9.683810866804151,-13.854668678099436,0.0,0.0,0.0,127.54621199886999,162.15335937953887,-42.25800604991426,-1824.6499903484591,2361.7509756498876,2439.683788690364,413.4260089276331,2407.9157688408914,-6.797573157243278,1110.2306975999777,2281.726099732251,1019.2492527205827,1587.5077836411,-2232.783214653803,80.95314218138628,-1678.3039623989075,348.2786890319394,-2045.8037177983108,1314.8232424605417,2186.311598121003,-1590.9532292693889,2251.3830414607064,-965.0505935205811,443.18456060285325,-798.5916368742962,188.7797167963363,-2250.372070084206,-1728.2852645714297,2459.583879401699,822.0198948658749,-2220.001757439365,-1672.4188246033511,-1147.018492344844,-668.1213421207549,2005.5310603047164
Ringfinger1,110.04017269720879,584.8277842522828,105.09584106066542,550.1748495178153,76.7334197137625,223.41167095701013,-47.616854836746555,662.7504329760061,-50.32563583432852,13.160094782405928,0.0,0.0,0.0,120.9092921245529,128.2973163401631,39.15016113098653,-2364.265221769611,2428.0340786097822,-531.6240770895874,507.7231117130045,1120.8110402103143,-372.86756769438216,1397.331471747837,-1219.2036908012387,2090.0141820516237,-1826.473260489906,-1696.264823224999,2418.046811699506,410.69835141748945,-2240.3523591169674,159.11058898517967,2017.5389251538836,-1725.6630803886087,-1127.902054303846,-31.806912718168405,1650.423542418731,2419.038431059387,1018.486307499837,1607.1764395082164,-581.4316780488743,2312.706334878365,-526.7199806603612,1866.7598599007706,-647.2936833557269,1038.8959570413685,-951.7079075822455,2121.8405824305364,2193.1264248219713
Ringfinger2,103.76147389251557,621.6034380073063,107.29477374443296,614.098733300658,81.28295156516545,183.95884393204946,35.936027063108995,665.0067880471456,-109.58058324331887,32.70491427910288,0.0,0.0,0.0,106.29724331437319,162.67201151839933,2.614490619947915,-746.1319757808792,1794.191999716193,-1774.3597121417997,-21.785823505369535,1562.9622080816212,1621.1127504135566,-750.3882618755597,-588.7162978300676,-984.535299453772,2226.861558204934,-737.961152335833,935.3752616997263,414.93800640629206,-1578.503958994738,-2018.5344031906732,-283.03634008988365,-1791.514375363125,-501.04740049151064,-1075.9237437587476,1295.2765036762717,1041.0065363747008,-2113.594569376809,-312.229976697869,1799.428174599233,2383.9476319711403,2430.7371387792427,-1039.4188560733635,-2297.0819021095235,2444.544656984398,-1647.2152669473833,615.3629130806471,371.41689701936366
Ringfinger1,105.67896589482278,539.3310806517907,121.19088212685175,627.3076772162386,79.66384338690524,295.3142253289387,-49.72765660339046,615.796057264028,106.73957339344679,6.160846323509283,0.0,0.0,0.0,194.5994171306987,177.3278266844431,-6.887804934089559,1585.7752472738543,-368.6294170130718,2436.509749401521,-893.7007779158839,-2436.546174605677,1163.6880112267877,-154.63468765658217,-157.0514633922071,114.02040641354961,441.3958969402461,-1208.6807558530177,1500.658366986438,1369.5181505505425,1423.2082741076956,1589.2820952543475,-2346.372508252961,-1710.1059010779456,-782.1881004259228,-2282.590310015131,-797.6961569870844,-495.31596258434615,-362.69957695333323,-1278.3930136219358,1195.5722410920066,-248.793482198555,2277.28303174956,-452.17084446115655,-1742.3074947229416,-48.07086174454071,-1701.5687591671963,-1419.5471110234653,-2266.108748026584
Ringfinger2,119.45282366021016,781.290752684393,107.28790705004432,700.5147610233181,77.3974823480939,221.73686404417634,-35.452164673430346,585.7088309650433,-154.829126970799,3.7434136224615884,0.0,0.0,0.0,131.5594795653096,142.62481999793167,3.765284294059903,-1472.0971954945571,1902.1274572028888,776.3488055399616,-1031.5634080831137,2286.61681927837,-967.8125392837194,2006.9485225663193,-853.6893651508938,2071.888389773406,1352.8123865779621,-2432.048384153315,2196.1164657944346,983.9694711155171,2054.594797710729,-1933.5148076732328,-533.9233941632087,-293.83287285642564,-1518.20891870445,140.9819149409709,-1744.8599692446733,-1682.624336650611,2127.2100508159583,-520.0120359253424,-877.1534806104314,-661.9819238640912,1099.6120756678201,1728.4792694972775,2224.827108977919,-2340.6253159491143,-352.1527735317354,-1137.2797605370095,-1709.873419242991
Ringfinger2,105.58809951803053,513.8014911341762,117.80766867108937,438.3532364597139,65.19129313200494,170.9262472188553,28.443239847062102,649.9093847169356,69.95511452909477,-10.760509369522197,0.0,0.0,0.0,130.6391593144631,148.42835743985782,-16.373923869764226,-2096.129071319944,-143.10607739508077,-1172.4126009429565,-650.3186325146487,-25.570939290169918,-283.85776428117015,-2378.186609496436,1408.4534196225964,-1019.1104000603052,-576.6027980985189,-900.6790492783412,2486.35024290021,-1999.4846102405445,1827.1517731242202,-30.056660811125766,-1340.112508202519,2097.7126599811154,-2175.1510540830595,334.5583675920793,1577.4366111986992,-811.3858342175729,-994.9103424216537,-1097.3165413099007,-215.5959282215149,-1670.7118828536004,-1628.3714366512747,2191.662777751746,-1036.5931953306217,-2340.760404740659,-828.8936377945638,780.3675111701068,-690.6465718776428
Ringfinger1,115.90723829129689,606.8822669744218,118.77233903768996,633.7043351596949,93.0933296686927,196.94862726474554,36.56323377462823,619.8010592745289,205.88232055783362,-11.194677098557463,0.0,0.0,0.0,186.48009036584807,180.85149980412976,7.33515464926311,2048.920335488261,-1034.800730367625,674.6671134960857,1379.3876475223415,-1819.442511022286,-2004.1299194681112,895.766448264083,464.5048859301628,-1439.3287389055354,615.472928913839,141.02487403330406,-1748.2632493474393,145.50465160972135,-518.3673623815982,501.12187668314255,-2031.8664263533437,1937.8655136960133,2365.5436181730147,-1002.6760132484874,1548.5856473826425,209.04669783550753,-63.20089449077568,931.0397821912807,633.4450646692735,1517.9802349759098,427.42538874675165,-231.65880079013868,1415.5415067667354,-1537.2227880405849,-107.17198017899273,-537.3321307241836,-994.3502655557129
Ringfinger1,114.15114524652056,588.4821361220859,106.70005758911907,540.8979908518926,82.81640547495635,196.92868422684174,-0.7515041880048017,769.302510880994,-93.73433907065336,-21.739977463447158,0.0,0.0,0.0,151.61743221048954,133.88311633398706,-37.97465400008008,-763.0085171069522,-1447.8344240797346,891.0960215004197,2486.640781359605,1667.2652390987787,1500.7723739138646,1190.301856544132,-831.3812652146901,2151.141074999786,-722.6475635933798,-2271.4465042242464,548.9667055975738,2498.5492103820043,-2012.4181497401921,-2127.993547210495,-2092.5464304232714,1611.8742515746817,1954.2056397070492,216.82936465535704,-1260.5978767164268,1146.09321974863,-678.7666525890063,-49.458305445559745,458.3615946305845,1736.4900939909912,1320.0441212140322,-889.0409843111186,881.2649060322956,-1662.797603104133,-947.239510374786,-2456.178031001085,334.28281816968547
Ringfinger1,106.03714408936598,781.8666388608626,115.9079891092393,724.6475772872715,85.32822198878718,207.83961316233982,48.23307102449026,519.8893892093762,-8.164817188021544,-10.811816585870936,0.0,0.0,0.0,158.11433109845623,139.75122840434577,12.953912375563661,-2420.245503725834,150.39066925032557,2066.6142423210767,394.87364181719886,-2211.9780311727895,1134.640334492587,-497.1878564477661,-614.8666604773007,246.8368351889626,-1216.1465280297818,-553.1829862254074,1157.0789294561268,2420.145219123593,-1614.4955432528068,-1128.304248211403,1153.1934691745005,686.2947603634652,-1916.1104114995542,-1612.7289767192249,-890.2512138867685,-1551.576912129763,-2005.7994312193755,2337.7557440783366,1356.0488714406993,485.2962684982176,-1354.0574069286765,1900.1946530482946,1190.6032223779393,67.46948726933306,-1170.9969727145303,1690.920858905627,-804.7867160050664
Ringfinger1,107.18867191090803,735.5504576082693,102.81405590808805,414.0698517725508,117.72836162756967,245.28812184701823,-9.313798878349779,752.5219052939271,206.20236724210156,-8.923148686513372,0.0,0.0,0.0,106.06680149220777,119.67305848323413,-31.67151623324147,-942.0781995257944,372.55084209247343,1391.523787649368,-2479.3544633683155,-1840.1585964093608,220.81924319760083,2042.6497240793324,-910.7544433844266,-117.76574971861692,1079.5629046710196,-303.2620360104888,-2165.8136828977986,-536.8440935717877,-790.7673645578677,-1425.3221507216547,-792.8318833777475,-1842.718516075485,-2463.438814522019,-991.9651497280418,-1771.139899380143,256.9741324449883,438.03597120475933,-256.3767068494526,1093.6141937823745,-67.05727614956413,82.1754077071596,281.98651340202605,2050.059564018369,761.9960225870568,622.1339806424362,-2406.470894038562,636.7474399595585
Ringfinger1,107.62041227745627,612.0791319232678,102.621372558269,657.4749500748948,94.13496226224404,261.23199991100654,14.15197728338417,743.043664272323,-225.290532383072,27.88932804782243,0.0,0.0,0.0,113.0283622369341,199.08196508259374,-46.40923784641217,-2211.8218817261504,-836.0120604512322,-1508.5718244424295,-1670.0800499634684,454.96907288069315,88.69796146716453,2213.0141542355177,1191.131648768764,-2380.2236872244894,204.06279547569193,2111.996717351275,1375.1744671036313,1550.4937951158377,-1509.5830136392528,2253.985073829115,-1880.1569855914008,2471.002654743894,1739.6565406523905,-1633.2325677322196,-1603.1467501146108,-2131.0364468442244,1491.4101501762484,-83.43704434714618,2368.254523456095,-2046.7023082219932,2488.4242071496856,-2135.1504612053473,556.792319628973,917.8165490485962,-987.770909968787,-697.1180411888283,-58.182525667477876
Ringfinger1,111.12502536216707,699.3042950710714,129.53210698391723,701.2819847601163,65.93361075052127,298.5591693264306,-8.871146027384611,597.6548456657687,-213.92675976314973,-36.4326983687999,0.0,0.0,0.0,126.26218189533455,157.4524032651596,18.89354030839806,-681.9408842352409,56.827190458680434,-1016.7014658462865,-658.6339521830898,-2486.0236341202967,-1855.2641323920925,-1666.68782221658,-866.4695942799433,-1899.8753804422697,-2329.423281240784,1711.6123184023509,377.8485555470088,621.0382924371788,-1931.663888670237,1683.3677316816638,2304.04611556699,1206.3616143802715,-698.1372706297011,442.4373540874476,-1725.8036959242772,-1180.6535872735851,-1696.9945975084393,1038.9495066848735,889.4095283782399,-1005.0700331577762,-791.704587061427,2165.8610806338083,553.0370405650583,1390.52341112967,-751.3268701104487,715.4778485559577,-1955.8269636189361
Ringfinger2,112.2801347354117,514.877913633728,129.42679247701196,548.1778603668765,119.02207895256612,237.071984651075,-21.806262851862446,537.4243461400478,-135.69407548299495,-43.15656912854927,0.0,0.0,0.0,133.77993149482376,127.77029751776453,18.997041485025875,932.9259078093373,-1733.4788659626188,472.3276615996074,1577.8132452078294,-2183.6707097635244,-415.83183319023465,1093.7556224890563,1014.1243198445386,-2400.4913673690107,699.3996439739967,2373.738495632504,680.1371997779684,-194.15443615095637,-1907.2612424951312,2149.9428482479443,-944.8474424413528,1797.4641894272318,35.454899410545295,-1274.9848853907347,-1283.1774153130339,1658.7495418609597,1177.2697060968421,2114.9054350296783,1265.8080484537936,-124.96093794035642,2485.8658712484603,1570.9540912216253,2360.672627191213,-781.1330755618123,465.94853927330814,2116.735986297368,2348.4091209137296
Ringfinger1,118.19254908675114,717.7175014207377,124.32780458898566,754.8505763156681,72.65106130549809,261.6742353776432,40.77339972699967,788.1506668095928,-187.61616860139628,-19.31719730100555,0.0,0.0,0.0,104.69614996225559,148.5439942511233,-17.303589651545572,43.48346354504383,199.43153673520737,2393.0698415145753,-724.9721939464521,652.5181260979762,-2055.5880752327257,-970.2884904845348,-1245.2617690972272,976.6184438173755,-974.6212130946869,1048.5637563482742,921.3242069130333,2307.9029887859424,-479.99111716506104,1340.632302753555,1763.1607258460826,-1230.2384192116933,-984.2535895712756,-805.7036482254837,618.5349111643636,-400.505662377047,1434.5618515306573,-734.6108146730612,-1609.0362044847484,-475.46990068816854,-2188.410577505671,-730.6964555834804,432.9768635410187,-573.1018111095259,1068.0525314061001,-405.3158730434975,-671.5628244763234
Ringfinger2,113.17609993226996,469.1720602891877,109.8429813837843,723.1010066399617,106.99961539172568,292.9831810777283,46.38593219145005,764.5497888028572,98.74433397923895,10.238300453209881,0.0,0.0,0.0,182.25051554912983,160.2596367520748,-9.501710056853575,-248.17523806228155,840.1308781133444,-1200.445521031322,1015.4414438637364,2299.1252866719105,-1188.02651315007,939.8658448795468,-2473.156269537997,-1542.5797059524582,-842.4805781474215,1116.8742460729386,-897.4923170440825,-1696.4002740439032,-2219.5299299436165,899.5695240601472,1844.9354007453712,1224.8712069070775,1330.183908575808,-1567.2780590707453,1754.0231377899563,-1509.5619736182941,-1048.9242748304057,2304.2062254139637,2093.3385147503122,-2037.2536179002127,2242.3302195965553,-1955.4800876469897,-480.1601513917042,2478.501446388318,-2196.8329108224816,-1466.3864213687343,-1046.4672480208965
Ringfinger2,116.45052794957914,695.1581120835743,125.71429640298484,542.0618355243332,95.9712002231298,297.18581443732427,-38.91291492663517,745.9708601085777,-149.66029001796144,-7.238332724730967,0.0,0.0,0.0,197.5812757316757,151.37211703118678,-5.21465318294463,1871.273723110431,595.0006508910756,2249.4552791828683,-1611.57602923079,2027.735490796479,1555.3542077941229,-545.4552440378113,709.9983984281703,-2030.4228055745548,1487.2495085077826,1456.569298424672,2008.3639980046355,-1766.4860093442703,-88.95291777586544,137.09544751128942,832.4121014273323,2322.8452174566073,1934.532514754781,-1928.5639293472218,-646.3867672181539,1989.0603053982477,1103.759609972591,601.9037926487376,1576.4746288947867,-1882.8962993798477,-50.695851558363756,-1934.6145888889898,-1683.86174371866,-1920.5758246496068,419.1729902780262,2183.045567862586,-1911.0795300094508
Ringfinger1,107.67482528305322,639.0258667155173,129.66445715310223,785.4783531132487,62.614051197161075,237.69370971090797,-17.111690440425562,635.8544604094557,-124.71866622583266,45.095498324184774,0.0,0.0,0.0,135.69637642202193,132.515153718784,-14.371275996257005,2418.4545236913827,-806.8570853251201,179.18596297658587,-597.0205850857242,1273.6217652895243,2035.0595713353805,1574.671161005455,-1171.106511293125,541.5618069674888,-2407.2864254196293,-586.2704473463309,1040.9884157063393,326.80135669258334,-1252.1987080190688,2270.352038073893,-1799.0598588624325,273.7340483250355,1216.0685253945985,-1767.1668923075806,717.5193176416074,-1810.645104112696,2458.165536791287,974.8550792913256,249.6523617258149,-1464.2905820590795,-167.95213944735497,719.2800831379764,1359.0769732193658,-2289.5410494522894,1908.3963529563398,-2496.7246489152635,-1278.2292009990642
Ringfinger2,101.4207101750997,700.6076539317573,105.74054481083184,739.2956534602085,77.64846392201991,280.29078069416175,-2.8698759592727257,699.5930068872527,115.32700612789762,-0.3997908969889039,0.0,0.0,0.0,132.32757773309402,147.17796247499544,-32.08037738329833,-1208.1488573890913,909.3438480738769,-2125.6448057368216,-2233.6650970595224,678.3992561223722,271.8565807651207,2439.9694165115325,2287.256439187254,-1760.8707949108752,2356.0131714747376,-268.0568140075002,777.8976178483208,279.58496070239426,2221.008813423863,1886.0476876986286,1813.2262365169663,-2470.42634821217,53.821513789205255,58.72554816363936,1670.1644091396884,1985.5156249675738,504.80077037753017,108.00537112400525,-2134.1210408055144,1616.5297707610034,1035.0426066463242,2230.845179275134,651.3391669220018,-2435.018026452759,-1291.4768536500221,2123.6567887088013,-205.83624028430268
Ringfinger2,119.30790976527707,601.3450636844018,106.07289986741965,563.6127872826571,67.33650318601606,173.5809547080163,-47.022074188661364,741.2866499999294,211.60690101953656,23.219500975182143,0.0,0.0,0.0,168.9111362639278,123.26557789720354,-21.182504964319136,-2045.5640702878432,-100.92445618841703,-1950.7036347504154,-2002.8470878530225,-2296.1926813295936,729.5135069959265,-2078.8115418813345,-458.39046142514667,426.0310037071031,1734.6548983481862,1907.4790570900532,1058.9062533512679,815.7006255282049,-66.15133901599665,-1230.7298865311045,2024.0289423179665,136.65269829063527,971.5745028461906,1622.4220021176452,2276.6616004582766,-1353.1126935587722,-2023.1920229664963,-780.3720878804211,1340.9466744970437,-2392.0208841904955,467.88442812751737,-1307.4457162027404,-469.2325438857481,-899.7545121109752,1157.4332965577119,-450.3987912171315,-906.5373560960015
Ringfinger1,100.33016389367872,462.09974514522986,112.4325460392098,683.492402418929,77.75712116360296,266.1307989304633,-48.53827526513484,737.9929240965436,-84.39710433091386,45.81018941351235,0.0,0.0,0.0,173.82757639843462,136.08991206710274,27.77154794245675,398.6435733014382,-1221.265883463245,1686.42943711911,1486.8185493139931,1955.1616570213027,1460.4789590573014,1887.5144784229005,550.3071201754615,-1630.062399794192,-1121.3455621956653,-2126.695788305975,843.4786599201207,2088.535722634115,-1249.6050437611777,764.9060485546261,922.2041517055159,-1878.560303034666,-1605.658209269263,-747.9812285739256,132.46632491451646,-2335.691329821883,-1187.4425998382333,-2079.1451432809545,252.22735147143385,-1585.9202604989787,2418.2099575492357,-722.8451569618933,1513.7792396457617,-29.484254320783293,467.5678207027313,2069.0952445883704,-599.9341676507104
Ringfinger2,118.96144624320829,430.29923451358843,101.19978379744505,488.7633194803857,84.07328583221678,209.94658713656872,21.49887183812295,528.5193826323385,-130.75092956185603,17.393299558755857,0.0,0.0,0.0,188.2008288344759,130.57314497617762,-4.861068849449502,426.35028810284985,-1588.9689994795485,130.24525284800984,1123.3787307681605,1325.5438349571632,-1983.1486056355225,-2220.516427108122,-1506.1043290544112,-1819.583389929208,1104.0346079999022,-1586.690724337732,-1786.5324414827587,2005.719935336855,-453.47803298997064,2392.0333463971956,-1184.7838255954214,2082.126647150142,2334.2063305769616,969.51100788648,1964.7784539896056,207.2122718928672,-1543.6588621553356,1213.4544128931384,1917.3801631227125,-2183.0652443441113,1949.6749870885396,205.94082482355225,-1922.9257132172572,2420.9982806004145,1075.0273765655234,629.9821160476895,-1628.5864444992426
Ringfinger2,108.90643807393226,776.5139455781416,125.15329650358451,663.6593447632029,60.67288982158787,265.0385561109158,46.36008548560541,510.18139010501363,-249.87164040220665,-6.446187861489875,0.0,0.0,0.0,131.31913870439794,110.23476399959586,1.1033865268512884,-1736.2026393243823,74.10834108673725,1734.8859103250907,-1897.6988080411834,1472.477157146057,-1462.507067300479,-2372.941824180045,1747.8665383378002,-974.209413208938,-1497.9374165528802,-594.5120995131654,-1151.768164549673,473.16971628177225,-805.7906195347603,-1167.5655627042154,1116.8275949671543,1387.764735298761,-787.3337661641717,-1776.317000597578,-923.5505434066299,1714.543812398968,2427.519388702097,-596.2117296108299,1128.0865468768593,1642.5770105436386,95.35797395580812,820.756736561787,2159.3291053209614,-1586.543766513151,545.9495120389875,-58.220548875507575,435.15820138731306
Ringfinger2,110.76148031383727,687.450525053147,112.17148890732427,765.313028352535,67.63724061586355,219.84831115847962,-31.05554412854643,657.3943362151736,-67.75396160402246,-48.21825261694836,0.0,0.0,0.0,131.65207741201914,166.79133828777248,22.658230413968894,1025.3939732397512,-1252.7574899724282,-421.30554241813616,894.3160394257011,-1210.1182160593576,123.35813829696463,2149.064550174261,-2390.4757599464133,1977.1889492715418,-110.67730415898541,148.79997686836305,-199.5783300554367,-648.5905831305788,-985.8284029238528,2027.8200203868755,-1739.6382046320396,754.7550823440679,-2211.8960592486055,52.79466638819622,-1689.1774062903664,1980.149545744961,-566.4675965524734,64.45558466626017,-624.4220713068837,-879.454343973417,-2108.7056755578196,-282.4002089441069,814.7554374212991,195.88127357524445,399.53890928249075,-1522.4919290320565,1459.6341024017156
Ringfinger1,108.88545015164084,466.54402540482306,120.16256395468304,729.9067848168395,62.14038835906907,298.9185463268967,-48.57901851860126,536.4308808691004,226.69814278424576,-31.7020576107505,0.0,0.0,0.0,148.80606390166622,104.9728690237491,-40.945827556783,-2319.2632550684616,-632.1262688214551,-1713.5286879486932,1093.259418599825,2008.4487235276074,-156.6567772924259,136.98012613509854,125.85307679336256,-1143.8263618402893,998.164969833083,1761.9283191475006,-2343.2864506136793,1367.4946159179804,-2241.318585478696,854.1436031522444,-589.027293762161,-1027.0413336580525,231.97786250086847,-1610.935776307244,-2114.1866722269697,-737.3135517175695,793.7003514078892,-537.0909116267303,457.8799879699768,99.1569406841677,2000.0987271476642,1530.3095553986618,-364.83736844328496,-1165.723503203277,-1867.8584363624673,374.90535726438384,2172.759178201608
Ringfinger1,113.38621603423093,701.1449637715384,103.40455843658563,494.56042102593153,89.65036324169662,227.0766636086435,-16.301401104540666,628.4298912490034,147.33430277457688,-42.29790634837593,0.0,0.0,0.0,199.8226253479116,171.66206525451233,-46.11160659795136,-2481.5531255468063,479.88847332805244,2341.130118027606,-2386.64927786836,-1419.2348505837383,834.3980992624356,-1434.1492853911848,900.0381000892494,-721.7879036291858,-1675.5213453981698,-1621.0459221284855,936.8054249228603,-1616.0048061404168,-1790.334024318359,-1928.4720680617784,2222.464348270659,453.86158009432893,-440.0822948026116,683.0614776224606,-71.79928794440957,353.0633010140509,-1601.5052839940663,-1355.0077522447773,-1391.541234862294,-1483.4838027963033,-502.5600177290512,1258.0641915964702,2025.7279857289604,-2013.7657124407503,1697.8648353571598,-586.2569307252213,34.58011488675356
Ringfinger2,113.44715669819364,739.5922516829374,108.75746453564751,519.5769030767003,75.28320925074507,285.58164136864355,37.90697083421574,711.455212763106,110.22470451490176,15.307030523427386,0.0,0.0,0.0,145.74464092718983,101.82365799108922,14.876193331498484,-598.1769093212613,-1559.9267035239504,1201.424295432611,9.992157974349539,-2017.034593482109,-847.3891937108358,-161.88707866012464,-1344.4233221727065,1744.5621209041065,-248.81488566434246,334.91434847275286,2356.489135024278,819.6393916842308,1059.138565743829,-1584.2935106082662,204.8266204918841,-1469.593537349877,2298.8346921304155,36.79413835439118,-1276.2753324656396,-2156.341211612804,-2206.871991148743,-392.8895972203295,-1726.249307309921,311.9920177721442,1031.055926355039,729.8699829314933,1260.0911758166972,1752.767929019551,2173.081289822937,-2141.0001982546396,-93.7152333090553
Ringfinger2,117.74929700781591,529.3708937022739,108.93475790016588,555.1616542887801,105.35531786587998,254.49134712778533,27.04610895191965,646.2658462473266,-249.78138551372942,26.99314123757769,0.0,0.0,0.0,121.34628306552237,117.5134204362817,-33.725971204145395,-1995.9804240265012,851.8974711965288,300.6806046290617,529.5544811550799,307.09853112344126,1406.2662748185448,1953.8308443237347,1333.7335618183392,75.5160332433693,-540.4844446503098,-2375.519734965888,-749.8378921994697,1310.9869661826015,1211.382897455453,2173.2423521211504,478.93791886440613,1324.1602921819344,-806.2972139719416,-1775.469814884601,-1529.7289503568768,-2166.4781614863364,-1720.7672634737514,-2397.0061523403197,375.6521706548965,2097.9752071233115,817.7330981409841,851.3948501432856,-2245.9314731761915,-243.78546338063188,-2277.22644230396,-404.0550808993885,2484.811609049233
Ringfinger1,103.14094159709438,521.1159164012215,124.8703411662193,544.7239188368126,100.71671117878267,277.917221680289,-27.022228999306876,773.8977623965774,-10.42138342969045,48.587576656761584,0.0,0.0,0.0,184.89826138743376,118.47253783655518,-48.99014614669978,-745.4939141717798,-633.7827848961347,170.5761211818526,2486.1954912981564,-381.3636489018186,435.35906633795094,2.2587052217077144,-1346.710225320286,1874.4741771209756,228.9035572348348,1549.9112141113542,2045.6014894838372,633.5509146701529,-1095.333553862718,-6.944579083570716,8.573804491176361,-1035.417753041973,-2186.3036583520247,-74.37742086618664,1010.9021855041974,-1051.9010101845356,-937.0714464367768,-993.8402778304139,-699.1092991793919,886.3873738233456,31.69828708232035,8.899805231511891,-285.23740602081125,-1501.9305516739519,-1624.6488529955482,-1333.4119850517245,392.30209676475897
Ringfinger1,119.35703150852618,720.0369224966641,113.96290271824391,610.5737259261973,97.21448855258606,155.33228770811232,48.545454964841966,595.3756352248244,-221.94268240711494,-14.554809517002752,0.0,0.0,0.0,165.051131357755,137.35020543025453,45.34972953718291,-299.0192077279462,2388.545582667919,-1648.5370256051867,-2183.501990361117,-1910.1397211326182,2422.931224547334,-1437.0751004439458,-176.63789545085365,158.22549431280868,-1148.955672990291,-1688.2294705054912,1559.5919926009137,1229.9740218388306,-865.2185614818097,-347.2277817890381,-2016.684536443642,1092.4338616597697,1778.8161679272716,2334.295481549151,1609.380114685593,-1198.9702295366305,-283.9182955556503,-2422.7555527326144,-31.490189860566716,-1986.2462018313104,-1142.2308035384153,-2026.901349787688,822.08971731364,-1132.3396027007004,272.5957186901933,326.19877328525445,-126.35097940838295
Ringfinger1,113.54363175801029,535.4147158389002,103.60698358536682,578.756108299766,60.731003930198916,222.78414610384428,33.90061540044583,616.4070374882667,-76.31743457048705,-14.84215283456355,0.0,0.0,0.0,168.8513012927844,153.52034739290627,24.17512948637129,1421.429719108466,1224.1174151369923,-1632.3648293615317,-1472.830438189271,1521.3978563980686,-2319.7297492176995,775.2257452263261,605.3009938193318,1934.6895935395742,906.4220141113738,1797.1276896498603,2493.842980706646,-1976.807379563894,1034.4185382411215,-1872.5663574976224,-1190.3253521172896,1134.5989072758443,2296.5958877422972,-341.7307147148731,1057.8061470370412,-761.4978864133243,593.5116958770082,-1235.3840818106155,783.5285249539797,978.651099123043,2017.8068760046226,-2215.099791095992,-459.39217886285473,-850.1624052923439,-1716.0704123192477,-2070.9717436698634,-305.01603697165046
Ringfinger2,108.98734348585515,594.2447245166128,124.02531361514437,530.5575493080288,119.02128144082786,266.3067124741405,21.52974984201859,569.7969941454572,-69.92849318573252,19.55682420934511,0.0,0.0,0.0,140.63268876640947,143.12431814806428,-2.743674054192816,-825.2731000174606,2319.7939927230773,-67.3176783859758,546.0101529914323,-748.9737547454995,-1404.4403967946262,596.2564257075405,353.83319132203815,-1560.3569341214968,-408.8946334347097,-440.6729446231434,-922.4908165499962,1332.5188471155857,1186.1773510218163,-852.2222269829931,-684.1679004272671,2037.5636997339889,-500.4262890410794,1514.7740546924233,-1474.5490469791766,-1900.1968591490509,-1781.3975149700611,-92.2229978715477,-298.908531947573,-2185.588546183983,-2428.1942236956806,-128.20204359526815,-1976.9410633987388,2032.0856817708009,2494.6091117911783,2185.8144577835983,2334.86616306853
Ringfinger1,118.27688694320707,433.4513344073168,100.47128246135021,457.40764759103854,80.97110762463083,176.72684033845653,39.91536547721033,703.7569305525321,-135.27538425094139,13.316946309965516,0.0,0.0,0.0,112.38046164640295,192.049368048113,-21.792024804329557,-1990.624553238937,-119.94661932409008,-2033.8863727177986,-492.031188099965,404.4969246397163,1702.3726545309282,742.8647458262799,1917.1722670868248,-1996.2387532273824,1112.5540811667456,-170.4798951893331,746.5478633555686,2406.17823913133,2121.0600964822615,216.42349909187305,-2338.487415938494,1654.4700102182478,2412.463144148739,1711.008348877238,2367.219508022895,-386.90299238057014,-2108.7777259189907,-1158.3215009914227,-1163.3903955428216,-1017.3720451210932,400.7271799576333,1584.221927580747,1510.3507870544668,658.3618877050649,-2059.180345717125,1638.3772273286568,-2422.110256834554
Ringfinger1,101.3676336535551,488.85654835670107,113.18254696063191,716.997677992851,63.75414282574684,172.0764314259534,-26.533805118300656,632.1337676129884,-188.078264078028,-37.778482536203725,0.0,0.0,0.0,112.46916416644193,110.4937622432843,37.22434135290689,1188.8349997423338,-1318.434251168324,617.451737322237,1668.3040286572232,-433.22893390120953,-945.6010370501433,2316.676667252028,1707.109071935959,1060.2783678494216,2439.678846263497,1178.8654620359362,-2046.6446843697668,1956.1164304602962,1470.7943219030017,-2090.130506146941,-874.6109400051212,643.7039809648791,-217.24590295702137,1534.1856124427177,2123.035049971446,-1106.283427609876,-755.689239233986,-1052.1864880653732,850.5311320625246,1379.5426716271495,-1660.957670042343,458.88590362439345,-118.64791500661113,528.8628867406437,976.075062613304,-1421.3452149608024,2025.585613804068
Ringfinger2,106.86692055045103,682.6326568214625,114.3309931169883,432.73285374090125,73.36613428831006,229.7559173770593,30.535432195889243,660.3607935591327,-136.37026279101798,-28.26196321950446,0.0,0.0,0.0,168.3349459505635,158.84852316390288,-3.1159021505252937,965.3537867830355,-1113.0279090696965,-1513.9958917577774,-2034.5270330727756,-1340.7511997460763,3.2413966487647485,2017.9928447133343,-2159.24122696186,797.6136777015181,1069.1768723800965,2389.7235503735074,1244.8006618841318,1067.7180903330222,1864.6389816703122,1188.905389250168,-1073.628992442352,-1513.8380457352573,-1113.4612018354007,771.8957815461736,-86.37273781784097,627.2220456028176,938.3184585647768,1217.5334946240864,-464.78224110204974,-1925.7386916162804,2377.5070200208693,-436.3355640497657,-1215.634356617561,319.4436818978502,-1770.750829720118,-968.8326714760826,-1592.1118633015296
Ringfinger1,119.99963539890224,597.3631099971719,123.22230813700857,644.7342066749451,116.9343397275282,202.50935175983537,-13.63927440731365,591.9371910617749,112.71328963093163,-13.947998765895818,0.0,0.0,0.0,155.93767789323093,129.3585422110419,6.592464650044107,1709.8252883778823,-2210.2743086503733,2262.693888948139,1594.2530993840546,-1129.8349491538502,-854.3729590759724,747.4431026716743,1500.0921341460748,1981.1422566925667,-34.53451721718329,-556.1314682019386,482.89296409443295,-1261.1082910849514,-1181.5859579071953,-1450.5609709654293,-417.7882481749534,937.1259239163664,111.33883900906812,235.09829532856747,1949.1821277635727,335.56727537512006,-2308.514148111882,-1979.3195962871514,950.3327752939799,762.7625624903035,514.7189332768357,603.9299521655012,1833.4443978506006,-95.32917223717095,790.2446633583245,1457.553040987928,-2472.0089156734
Ringfinger2,109.58550735975206,761.7860630130076,109.06354654368597,546.0057825411197,106.71270877975124,202.84888001708524,-31.595584610698623,775.5482024426124,-183.43592752168425,34.6579970250185,0.0,0.0,0.0,170.52668568058562,165.5265754653476,-32.87923822524461,2090.1171261429727,-2481.599118310264,-2214.06351412057,-1452.9533294501307,-326.12940378652365,-316.24692454381056,864.4094420686533,1265.1789950537495,-1330.330180379744,-919.1812670271449,-119.80057497480357,337.8529004133111,2151.326973051876,-2134.1085318976357,531.2535869269673,814.9636419073813,-2054.954222920042,-28.21789668244037,943.8181383805982,2305.374217142851,321.72421410406696,1104.2163660478482,851.5590593596721,2254.4599781369907,2245.8743861392204,1820.6386403374654,-2388.062256098958,-1057.1861266261917,862.9413204411112,1018.5358635727698,1574.4764002079974,-677.9538608751618
Ringfinger1,111.52281576010508,648.5840550626128,105.82508806036824,583.8774337769744,63.34565664612258,233.25599833821568,23.854487951682174,729.0029134367699,-122.03030479644683,-6.124296218114765,0.0,0.0,0.0,190.59875559274099,102.94204077284198,-40.52087412018764,-1218.3369730661175,1051.5814026747835,-1226.812337344183,-1146.3671834226363,1619.0109130448045,-2408.9470954518733,1100.2926280465654,1209.5564642865766,1223.2386938753675,-2331.5931176526524,2040.3666990769807,630.0359474266024,-924.996102126735,1662.476551965361,-522.8924378692075,-1959.532100763734,-1847.7720579895051,551.2929730224482,1118.7880299688686,-155.26873612243799,1216.0836650569222,1704.3521403859577,2330.848032730025,1386.6823015091604,1851.5876590839061,1547.1692380611776,-1238.7103204537564,-1600.728722249597,-1362.4511293895368,-966.9861242728728,-1087.2790658506037,294.45708945602655
Ringfinger1,112.03185647919958,639.0352122472161,122.03358311574696,717.0121452025734,88.32237249301022,279.1683494491401,17.1479141633732,516.5447234186365,154.26236814576464,-14.941690194600675,0.0,0.0,0.0,168.32327820884922,114.03345142298036,-7.229167768617764,-2129.848849062312,1815.4494460234464,-705.6630335417085,429.62265286440834,-695.9708430434725,-1725.3382682930508,-2098.540376068697,-2138.1555073750424,-1639.876644811041,-62.49278104062023,-2481.763807844309,1686.0755045958185,201.99912468453658,519.4982862221746,-539.2099124522265,1171.2123106798167,2332.4483059744507,41.5781239033945,-1489.2474823300945,1619.940055371796,360.7616394495217,-2264.724836232485,-1199.8310913573423,-1792.817284850642,2484.6764301134053,1763.8524948823606,339.22322137544325,2139.8682142111675,-2402.647911775327,2320.3245772077717,-1940.495045676674,1539.3642850463452
Ringfinger2,116.43761228991177,697.2139423703045,103.94065665497536,513.8156263777548,71.33335734276633,180.81681465029527,-15.276538070007831,787.080254886907,232.30240732128016,-10.770334208907727,0.0,0.0,0.0,108.53365115568896,135.36232944932544,-8.841974792935368,553.2002080736574,2377.42313593766,-116.29864192994046,-1290.1234777829302,-2204.943066379219,-1746.559615836537,-2275.299799463156,2128.3181435637916,1887.0814461847167,-1120.1980028638047,335.26327657471666,1431.29545370623,-2402.794826067999,-714.9385405743924,-2489.5410291682683,-229.22482858468948,1586.616962510208,2265.884081426908,804.7643390826415,2233.0744977998393,1898.1855414892389,-262.476429982597,2069.060116378766,191.94805640499544,1625.2177224876605,1907.115268416631,621.1960388787697,2218.0812167216864,2075.535003703868,1272.04420023563,-118.01337019466882,750.982533665056
Ringfinger2,100.44319758622434,476.6760868223537,104.47511223482992,720.0570224151327,119.92258352756707,225.41152390361736,40.33418404773438,631.1402359170544,138.54197865930848,-39.42914414345316,0.0,0.0,0.0,130.42839062865727,156.003250920562,-13.768370790381525,-476.22135703103413,1288.9500749885196,-582.9108294260031,841.1602868352643,-416.84047013809186,1755.2601526012422,433.24514797063284,-1253.7963369195138,-1151.1740188455287,1941.4185738827673,-1398.6580213818545,1661.9584776566417,-1130.987919410964,-1585.5091388946275,-222.8853227915265,-2433.581126732397,1631.9684977901643,-1587.7329233435094,1464.6318717713684,-2248.4981870727024,-1450.6202508925576,-94.07454276201588,1275.1195977066182,-2414.809686295893,-1284.3523425818903,1391.3521298796568,1876.2985103894416,811.5882465891655,-632.5909443548367,2477.1251397036176,-428.186982245375,-339.51240626728895
Ringfinger2,104.41405853997668,597.2722338705529,105.93599984764475,566.6517511178288,63.28667324117861,161.0383921674857,-23.92856059548053,562.781506827333,-190.3673895338307,-29.10765985044992,0.0,0.0,0.0,119.33543832006784,115.67103317003523,7.636645285826482,-1305.4548651679615,-1380.1003214109996,2153.7473557665217,-427.9653711178257,-435.9100167727124,1864.4196338068796,244.9326944203276,-1826.905194341626,-1053.473782391085,-76.92943780180167,2268.7471458217096,737.5334105335355,1057.220987891204,316.2283873105225,-1590.7961703440371,507.31769557291955,-882.363236132978,-1648.1178656308043,-1394.4419971937323,2099.5629189488436,898.6179558396166,1701.8577650743491,-508.7681283061929,301.85304566202103,1848.0321648395802,132.67367940680697,-1189.2031293513173,190.0611110542759,-2003.3408677555708,2029.362175332697,-2171.511939227572,1801.7596190371878
Ringfinger2,104.94603675026141,560.0908464739739,104.08285404408096,553.9459112097745,96.9706439092516,264.2517550615876,-2.556251178113797,781.9338986675945,150.2986380206578,11.479034022221427,0.0,0.0,0.0,108.42945503472949,183.24861543705774,-32.63334334027896,-2060.0818400159064,-2043.9250463077651,2065.9435904594693,1411.636585445884,-1959.598514193528,1858.5999420487633,-690.7828473853222,1746.8500374529067,-176.62123741417508,-476.0799258834147,-1022.6252380661376,2482.8936335374456,-1781.7973850159963,2224.511374937514,-1206.333353107501,1401.0786595034874,-1405.4285198225168,-1378.3732194953757,-975.3776495492843,-922.2992886840075,-1423.5254093440901,1699.017636711078,1164.7166701202023,-1957.3007871348452,-856.744894619067,932.1479742148158,2460.773047330302,-546.08759743476,757.214968458607,2214.7898635938836,-1428.0528899388462,2185.7951537963254
Ringfinger2,104.28019978166245,562.797131468262,126.58364352499014,698.8514522995931,115.25119016517,236.9755737333061,-35.00983904917364,776.8799927436535,172.49158539881432,14.23698427938514,0.0,0.0,0.0,193.64345646275734,117.81222248791572,33.157830837379066,1661.9874459882258,1359.7708142573365,-912.2618565876921,-1529.959399686267,-581.3036559049833,-1605.0376894852002,-1058.1147909563792,1987.2691944552062,1756.1327971554592,24.068305727540974,-1957.0291357017754,-1147.9088143407973,-1160.8212862473445,-650.7570081067781,639.6501442694057,-1931.3010536874747,-1772.2196938933753,2365.1076229161536,1852.9178869888328,940.8176181375775,927.0810873317077,1051.6852541020767,1597.7070454055374,1502.8411174131006,-1564.1999522132305,1471.9254874037574,-2237.0958307316187,-2442.099745798414,382.17546119015014,539.3312031324376,-942.0491031632894,-2138.697041202987
Ringfinger1,116.62088145168981,517.715241121154,101.19639467480302,722.5025690459177,76.25103545839066,280.863509260064,-6.594039789688665,613.5178575322112,207.5564385619807,12.640578310669305,0.0,0.0,0.0,112.95981467415271,130.6848601223481,-9.606698426950054,-2392.95093531661,-2231.20301327196,-727.6277451021313,-1927.9857893094015,1215.6221352911193,-853.2818062469721,1192.3759544275913,-1756.0542809824226,-1855.5879122857616,-1744.7281903704936,2205.5392214973544,2499.6206060447503,-1070.8768444271643,-2319.2598519851686,1327.7665348626078,-665.888000021389,-1363.9077530218435,-19.558384614765146,1084.936752040776,-391.6787628642519,1415.8084050351845,-568.6219265086129,-1820.4456489600457,-278.69857511409236,1934.4104847024455,-1978.2640077871044,1635.2644886684757,329.6921012308803,2204.8361604476077,2249.132437202101,603.5496968597281,1397.6130857497747
Ringfinger2,104.0414315001288,436.05898713860773,119.12244794694583,642.6382426346355,71.27820927837992,264.6479762004196,-14.478444750213946,541.4139611978918,192.44583122567963,17.530651796056432,0.0,0.0,0.0,157.45604114913246,189.35139168014598,-4.488031303353189,1337.2105395696217,2164.326018055427,-1896.6288023809761,2367.7403514354746,1186.9738078237983,1461.562684039177,1039.968425639478,2058.780619757462,-2145.475447084505,-8.57576669279706,651.8448293397764,1511.8901817711321,-83.58146881926723,-1451.8089033049741,121.33032309147802,1711.430940184091,1825.6542030342962,-1072.4662656672674,357.7853983051564,-863.2728146665163,1082.8699582328168,1551.8695511172514,1622.1996507275117,-1247.0943128431427,875.1977604295785,140.69589476664805,550.8165140604847,1210.2938420812752,-1199.8589175911577,-1489.171931638717,-625.3773746774966,1927.836829064353
Ringfinger2,105.31796722144517,467.9508820988862,115.52407651455044,413.1111214814522,100.952719335919,220.76730367718756,3.2847062054536877,537.6124125284829,-217.41738920614674,-8.0135177158527,0.0,0.0,0.0,109.46128593936857,151.32487833682686,15.432826447859753,71.27793705732756,450.9451562974691,810.4256739042635,239.77283006920652,-1495.0615034460625,424.712567258312,-1181.4680128835398,112.6821362789924,1273.4713723794875,-2285.0341194935795,-1704.0059964487637,177.06012597221434,1932.0868209881828,410.3135605772927,-944.4187577099899,-1765.7389137952555,-1030.1644615402772,-1355.195655546308,999.8573315305766,-714.8651137517736,2168.02956168358,-1174.525542693623,777.6626850317525,-1361.4449826006457,-652.6482038115155,607.5727476556572,-420.18215516686405,2194.1796954341035,189.84985905036956,494.4394411023068,-741.5223128506443,974.9652892993045
Ringfinger1,117.04052926469316,791.5802848789383,123.07839852512697,423.0070155804367,89.7501466192166,262.9583334038126,-47.42214998155333,750.5706232332243,52.62034406676821,-4.804979005670987,0.0,0.0,0.0,138.48549661056074,132.82624720923573,43.781089795322316,-1396.1620792251945,-1992.2968144340598,370.588962438866,2102.401614060921,-1047.790955249479,-206.63527255224335,559.5873526862283,-514.6772280805794,2037.3035963395505,1418.3914498834479,1424.2913645356202,1633.8028927940286,1168.007831880052,2319.1794005853008,-1714.394694537571,-1169.345822958837,-208.5547974681458,440.86540654284954,-1433.572659848958,337.4842486859443,1636.8936977166932,-894.2759476516565,2064.784888369086,808.3084503405207,-1846.3769096038195,-1918.598347798275,801.6832069578213,1387.2620243688639,1538.0891969877493,1020.1111703137876,2364.3417477478724,76.38905012002533
Ringfinger2,115.97222123286777,577.1233025955025,107.27180030684872,720.9221668378618,88.34576622150216,251.19449856766096,18.35305555718753,716.989001822305,-79.56671194144889,39.23438616811163,0.0,0.0,0.0,122.56881578465472,131.51132256931277,7.016434938956436,1951.7758807392702,2083.46248773603,1992.182505134664,-837.4994045523088,931.6146227643017,-2258.9006178979594,-454.1423873272154,1219.9662444380815,235.68694252805744,-267.75540586343004,-1118.765892640174,-2171.409577831822,1520.6880910944965,-1892.6314040594427,914.0135024427377,-274.2380299556203,-676.248633713979,955.4024554431717,788.8506544946076,-1282.3377040860416,1729.3446295499562,397.0410901194464,2273.3452569434357,2206.1065247997694,-2211.29512439863,-234.29577281533602,-789.0141077541684,481.69217632396794,-1734.7307578750654,215.57320217940378,-1061.5994330901108,1856.722305276542
Ringfinger2,100.84284527006932,542.2597475586435,113.85189821174035,540.5279141480831,70.21005457671423,158.87243101915962,25.48640827256304,731.7434046351789,-91.5296604523393,-40.855857274191045,0.0,0.0,0.0,126.15129008506311,155.89386264971301,-43.473559440266925,1693.9915402985253,-949.0832609985689,2181.381263557314,21.911728223441514,-2364.889582522903,1820.840621010113,-153.99372034663247,-583.675930304461,-312.5865136924667,-772.4338205178656,329.1639106020839,1062.1372272547987,2015.0180915751816,2118.4967226683257,1378.1327244202666,-712.4268334955718,1735.3057726226107,519.5658929053193,-2205.953533446539,1100.4513855721848,2144.5339605080235,405.27312143726977,842.4946252611958,-969.6859284563031,422.20297462727876,-547.4757767934941,905.3812687521968,1639.988916014583,-2372.4632894511283,-2303.3985994753357,-2150.70565013917,-508.9203057271152
Ringfinger2,104.90593938415252,464.7232326878466,116.2413020065763,758.8484854380227,84.82329993997298,206.39328339924447,-20.66379387807403,742.6887994881453,145.0204632288154,-26.210291992298995,0.0,0.0,0.0,156.42646037338804,149.92426374794235,18.230396047120507,-1768.105606311069,-2493.09644771769,1312.152615288047,1343.82361124017,-1956.111962234816,-347.29769441915005,1483.9147792245867,1109.338269082562,1269.0066422990735,-438.2860740980882,1600.9134824049324,-947.5678145340848,-2062.870735627222,457.2034222518,-1488.3167475521464,174.88453712280625,1016.2951363288703,-1860.0742102858121,1784.8148050985792,1669.7672370393484,165.6454374644868,1184.4872740005085,1518.1179892868245,1493.085061196311,2386.5391566323487,1415.7323169870447,-2058.9904404609333,-2275.7122172243526,-2288.788573855723,1293.8546994678131,1237.2666959934086,-1028.516477643916
Ringfinger2,103.08166578644955,415.82332744580566,117.3974736556082,663.0464227208672,68.44871491438681,156.68231664954814,-48.69413570971809,759.2945542054847,-155.43186143413135,-33.00495641432747,0.0,0.0,0.0,150.29191314145373,145.51060369397288,-26.17734321865408,750.7674746698644,-2042.5298071809543,-2474.7197027008424,1866.9485786899377,-711.1121958930921,2137.7663619999175,-491.36672630477597,749.837802591554,1954.6436011711585,-1473.9460351015398,467.18522999442166,2429.0280143687824,-1223.4436399787114,2018.8222418836585,1557.9235191946354,204.32259908186688,2327.583944591209,-467.33838232249536,2228.5063111732998,275.126289104865,-2360.7378514835455,-2339.509582894422,-47.75419830628198,2196.6649479888893,-2001.15870029013,260.29438031929203,-1177.9019554785764,225.92146514267642,2009.1132788030127,253.5350562190447,-1139.364451144817,1100.336800624218
Ringfinger2,112.5366232305379,438.18119475435435,115.43014642556219,536.8127863008392,101.88348401474121,284.2768572183232,47.250272037016956,711.5289232750065,63.56445543758383,-7.11812880957671,0.0,0.0,0.0,170.25780043821158,196.7400116754026,-45.5835312512444,-389.95617883983823,2487.780662512262,993.3123869223177,1481.7953976002796,-2347.326344851651,-1817.8386817582027,553.9496070161326,-1945.92789192231,909.3210257061714,1266.5773785876145,1744.3600164228437,-212.3395414429824,1047.2327302564981,-309.017611460783,-1068.7121586804583,379.90426680596374,-1550.0669401762284,394.61810354167847,1086.6175588968645,1474.5316487681625,298.2209892571914,-1021.6850789659998,-2359.4815630884823,-1133.400814049233,668.6848887051301,-1204.5539769448267,-1931.3753515719939,-597.6486444246959,-2000.1918862742734,2046.3168268023364,-92.52859271115722,914.6354798378115
Ringfinger1,106.8710670571306,533.8953925687865,126.57849432456207,732.8293198596882,86.18498597266466,260.56012463314335,42.53731972180347,564.6514706014195,-171.2145308760015,-1.277505570707028,0.0,0.0,0.0,175.11438521721533,163.46232742048736,21.99377110720779,-1472.3966250410963,-201.81644389950952,874.9367438754775,2051.4708652557447,1181.8540656626947,1498.049718390872,-2069.565139442395,1740.421995889883,-603.1820190165838,-1410.0676870909112,2343.9572608373574,-211.96123008745462,1796.6136639902797,626.108998506133,1918.2559924577445,2194.881671944344,1135.7404575755108,-966.5033035067083,1729.41984377868,20.37061278288411,-727.6864390757848,1591.6680532664736,-1592.7534342532508,1296.0183634658852,1774.7279237057692,-1635.3726183384597,2166.1946011467426,379.1122717483613,-2492.638964813324,1535.8385546783893,-1334.1344019025414,1553.34813344048
Ringfinger2,115.80987324611331,593.6393104034228,127.44916534748866,781.1286644175437,72.65819085446654,243.003613549629,-28.563568720313114,617.8800246214847,-92.17736964854655,-20.391736096156755,0.0,0.0,0.0,110.96135678348242,108.45293546726606,-8.474140022016975,-2082.807136055719,1692.1350600714095,829.133960081675,-1309.1164631249053,1604.9600604252355,-889.3489746311577,-1268.8838661916025,2105.4660257601636,-2018.7120072901848,-1278.812166469548,1120.3352149815632,-42.01571774417107,-1632.999347259496,-312.41458926458654,-1369.613313518656,-1283.1070577119092,-1463.3730727193972,2040.7052406089688,652.6123965687466,-2309.7874857758707,185.34907043050316,2123.1136645938914,-33.276359771178704,-1764.0750571862723,1347.6060998995745,-1589.292108756281,1641.5898212473803,555.205764410664,2459.272527633718,-2176.929491542439,-1214.7524318845742,-1793.3286571114081
Ringfinger2,105.7627724879808,422.8571890059429,123.31164838201532,543.0053844803333,69.34716669439686,196.9287330701054,44.77949063342777,749.3921808434875,96.67711645506142,21.303004634446083,0.0,0.0,0.0,124.47273077401525,114.86565300577807,4.933476769640713,263.39379150351306,1108.2935355671098,-1997.9899767425545,549.1902483913495,1643.5157862816022,1400.4306100597382,-713.0898186103284,1223.1078750614834,1438.2282395962047,334.7309233242131,-919.361027957985,306.4545778487304,-1942.7983240019198,2323.8343783997916,1120.9632250427217,1510.2166217555177,1024.145790416128,-360.62928644584235,-972.3994167191586,-2112.6945292253117,766.6821066684843,-1221.8574361801132,136.9626279465365,1564.9723080662393,-2177.81616092937,-271.24417915871345,-981.5115976278666,-1211.312264376614,-229.11680487336935,-621.5610942338085,-1294.7974477319324,-1855.794153052443
Ringfinger1,105.41096634398487,765.2255566703006,103.5991637174344,476.8074410909193,70.93881315233995,215.57672383929676,26.299060334356682,777.8305010573232,-161.29562311972396,27.2082922196317,0.0,0.0,0.0,103.16376976293549,155.44832815899298,-29.735646955958828,-1402.9761174376588,-2026.0518988138338,2096.698822348262,2490.1977791668833,275.48415858020144,-1641.0613307557005,-1633.2768299351724,127.56691332734181,-142.95992252857286,2121.891340831604,-1064.8252402313046,-1506.2469512791195,-484.4541012026366,-1848.0792946713782,-1374.1770816755416,-1746.1172009018433,954.2067685616603,2239.094265808725,2314.7733129591725,-1066.7803841657815,-2026.3934732992777,434.0671809010905,-1787.0641503273791,-16.13471997139868,-2121.084067234091,2015.754419823258,2038.880906039869,-2402.9396021227058,965.7161341164096,-2042.2008456914148,1307.442362404785,248.42316197025684
Ringfinger2,105.67852445640594,406.74978240467914,106.91963461004327,719.6082455281864,108.6456929988603,235.8738250541502,-13.805353394174716,527.2782520722515,-40.3230205212009,22.111201041370833,0.0,0.0,0.0,180.4895523047033,101.81784417245345,48.38636644815686,2470.3488435121126,252.42559286887308,-2478.579732858536,2464.2954762781646,-1650.7196406287544,1895.9251945500964,2230.9612405701464,-962.0316824649672,-793.5211669647863,-1183.6585271074246,-503.8370778514907,446.9109685509061,-1344.708745650729,-1588.6678226652696,-1574.308436588,-1017.6718614800707,777.9995546166901,1871.3913585049168,-321.6068911895363,-1758.3141771401006,1142.4396757965815,-794.4779222247721,-126.14336221822441,-1194.6493296575711,301.8016630842076,449.2267513250449,1802.920235982102,450.9635294519958,114.62208754001631,75.088600492164,-956.6677475089464,2336.7836690452896
Ringfinger1,113.13830511563792,476.3164030171812,126.76034040953185,724.2281775155312,75.64627613423039,175.22468515125297,-39.547158842495904,680.2205581059416,160.4693779393927,6.366806817651295,0.0,0.0,0.0,117.23919689034568,172.90950182165594,45.452001317856215,-1280.7350744306407,-548.0020842023541,127.56953636268963,-2332.1138427384835,674.4245104746715,117.10693474509071,-1866.4348515461938,-2358.1006200951756,-946.3243768189323,486.80765579767376,-931.699704268012,1118.981267175176,2405.555879815359,1251.6542960777201,-1404.865476020779,-649.3492350594161,671.2871083084092,1372.8652477314658,1203.918262614357,-130.7130664394963,-398.7930538320734,1913.0531287043377,1221.4376350658886,-1334.349280722168,-1635.365726043597,-522.8637271380026,-1373.38499541646,641.6755966342271,1386.473146088968,1865.8578297885251,1580.4332979630453,332.39716408061395
Ringfinger1,116.52686850019634,579.3946202947793,102.09109449993508,674.6398163881934,66.58819412424813,172.83853643189457,45.68775452662534,747.8473061047524,-29.302234046583948,-31.95450596703885,0.0,0.0,0.0,145.74555761827492,177.17963722631353,-33.57625192854271,84.0282403846345,389.99917437106023,-82.88399914180445,1367.8580760388986,-1662.1536461037122,523.0789770988085,1362.25410890667,-2161.6674047297347,2381.804795926172,682.6305820691327,2045.9807158408148,-1837.4258231353424,457.210490257929,-1654.9062477373368,-1394.0894538819116,-1635.806857849515,-1734.168799642502,933.4273784823095,-2405.9661996110144,-1118.6031140554926,442.57202968487763,467.85302160868014,-1345.6988420331406,-1840.2654679845405,-929.4300270772726,-2419.7788859470543,-2117.824021472512,-1115.539168362828,307.95807091680126,30.54346839324853,1536.0931092285387,-1693.9066686532933
Ringfinger2,107.28633139909954,443.03031172616556,101.18576379194921,755.905409423802,87.92811213594574,272.29822247821073,-49.74106288583356,524.4929126676693,-29.94675037987298,33.438805584068234,0.0,0.0,0.0,190.34574173799385,198.5269694988861,-34.795730757888876,-180.0620740464924,1048.0655459392187,1324.6127717150298,292.7461866905519,-1709.0834983689901,-293.29485233374635,2450.1185502942626,-559.2158535139563,742.2827524938684,399.19266224248395,-1141.3430840389037,1226.446658464,-1935.1754365462298,-1497.3221396470437,-577.9197463584951,-466.5498102487952,1029.1946326750062,416.362323951927,2146.4095669193184,-2354.566746647173,-479.10112201762786,-368.79763234245456,-2454.6261290064112,417.2060500967805,2048.679793206077,1605.8716208928972,40.80579033343474,179.9047153040956,-2349.5813641316445,285.84393760262765,2135.407455135669,-49.206109094227486
Ringfinger1,108.78419359676232,646.6645698782579,119.62334220910458,477.8503783096883,102.51325535334284,214.3600146459809,0.3294700220648963,502.58261445132456,-77.31329357398698,38.55550749551665,0.0,0.0,0.0,158.0408349294308,199.10668031880562,5.946066400294313,2055.5467161790793,603.7205734825939,-2080.011537936083,1046.554757673498,-1853.4527386949767,893.3092844349849,-182.38015921421584,-456.94225378854935,-310.3498313615987,2078.727612659606,-361.21290653023516,1202.4719241163189,-1141.4945810898475,936.6033039250733,-132.8143680201647,-932.0176568081044,-997.2876193204384,137.3348548907693,-793.039825195428,-1374.656846294281,175.29943796764883,1215.5989905655324,-717.6829289290099,-1892.9056030748575,2371.425600301438,1228.913259774255,1209.8231825924404,569.9646293464389,-2014.6885750781535,1637.0222882287208,2458.5321565773475,-494.9889168987909
Ringfinger2,109.0138523847211,768.7989723287058,110.70578710632256,597.4028163292083,99.26499122807186,232.86388675274304,36.310821688740134,634.1008514632429,-182.68125978859007,11.548869591137631,0.0,0.0,0.0,104.3591322297504,164.434589369719,-44.08330891540727,646.3330470537308,551.5420288187161,1229.634704236361,1050.3942493971363,-1401.1165152723593,-1774.551077737999,-1246.1571193625375,9.207739875054358,-188.25373211073475,-1369.7170678739667,-1104.7816696127566,-2451.923482143229,233.25535808230552,-2148.4505677601496,-1155.319212025324,484.3885274547565,-1004.4629785924635,1696.1823857277977,-1526.140048253799,799.3125472337961,-2155.0646019558467,-188.59406758259274,-462.42949828194605,-1030.823280688717,-1514.4671890435602,-588.2973157705894,-1420.565932489335,2388.4376478288214,2480.340630987339,-570.248319378811,914.2995042481448,627.2539921967464
Ringfinger1,118.98757890358574,607.2723102701043,102.26001239939269,553.227738839887,95.30047466403673,253.02391192692818,15.182564247634218,566.8294256012555,108.22239732819679,21.891537053223644,0.0,0.0,0.0,159.8311980554234,110.62070654253729,-48.04963209211838,-1748.0067597690263,-1891.7506920352912,-2269.536756113366,-377.2849954519643,1301.121959590132,-142.93106535003835,1486.7237130063286,1297.5175448952782,-2183.923635439881,-1724.8402186435642,-361.56510636055145,534.628429359821,476.21656880558294,-39.07816573998252,1032.8621591945143,71.43106458557077,2333.4520817477587,1275.5471935627615,2446.8665021500938,-1779.833695712108,-1906.7623019346813,-983.4984663686796,634.7703631834784,654.2474032259997,498.9896815786865,764.3033287219891,-2113.183940764551,-1496.0714766402177,462.8586147515075,2178.564554648171,1260.6562350540544,2054.780671507144
